question,answer
"မြန်မာနိုင်ငံမှာ တိုင်းရင်းသားလူမျိုးစု ပေါင်းမည်မျှရှိသလဲ?","တိုင်းရင်းသားလူမျိုးစု (၁၃၅) စု ရှိပါတယ်။"
"ယူနက်စကို (UNESCO) ကမ္ဘာ့အမွေအနှစ်စာရင်းဝင် ပုဂံဒေသမှာ ရှေးဟောင်းဘုရားကျောင်းကန်ပေါင်း မည်မျှရှိသလဲ?","ဘုရားကျောင်းကန်ပေါင်း (၂,၀၀၀) ကျော် ရှိပါတယ်။"
"အင်းလေးကန်ရဲ့ ထူးခြားတဲ့ ယဉ်ကျေးမှုက ဘာလဲ?","အင်းသားတံငါသည်တွေရဲ့ ထူးခြားတဲ့ ခြေထောက်တစ်ဖက်တည်းနဲ့ လှေလှော်ခတ်တဲ့ ယဉ်ကျေးမှုနဲ့ ရေပေါ်ကျေးရွာများပဲ ဖြစ်ပါတယ်။"
"မြန်မာနိုင်ငံကို လည်ပတ်ဖို့ အကောင်းဆုံးအချိန်က ဘယ်အချိန်လဲ?","အေးမြပြီး ခြောက်သွေ့တဲ့ နိုဝင်ဘာလကနေ ဖေဖော်ဝါရီလအထိဟာ အကောင်းဆုံးအချိန် ဖြစ်ပါတယ်။"
"ခရီးသွားဗီဇာ (Tourist Visa) နဲ့ မြန်မာနိုင်ငံမှာ ရက်ပေါင်းမည်မျှ နေထိုင်ခွင့်ရှိသလဲ?","၂၈ ရက်အထိ နေထိုင်ခွင့်ရှိပါတယ်။"
"၂၀၁၁ ခုနှစ်ကစပြီး ဟိုတယ်အခန်းအရေအတွက် ဘယ်လောက်အထိ တိုးတက်လာသလဲ?","ဟိုတယ်အခန်းပေါင်း ၅၀ ရာခိုင်နှုန်း (50%) အထိ တိုးတက်လာခဲ့ပါတယ်။"
"မြန်မာနိုင်ငံရဲ့ ကမ်းရိုးတန်းအရှည်က မိုင်ပေါင်းမည်မျှရှိသလဲ?","မိုင်ပေါင်း ၁,၀၀၀ ကျော် ရှည်လျားပါတယ်။"
"ဘုရားကျောင်းကန်တွေကို သွားရောက်တဲ့အခါ လိုက်နာရမယ့် ယဉ်ကျေးမှုစည်းကမ်းတွေက ဘာတွေလဲ?","ပခုံးနဲ့ ဒူးဖုံးတဲ့အထိ ယဉ်ကျေးစွာဝတ်ဆင်ရပါမယ်၊ ဖိနပ်နဲ့ ခြေအိတ်တွေကို ချွတ်ရပါမယ်၊ ဗုဒ္ဓရုပ်ပွားတော်တွေကို ကိုင်တွယ်ခြင်း မပြုရပါဘူး။"
"ခရီးသွားလုပ်ငန်းဆိုင်ရာ ငွေပေးချေမှုတွေကို အွန်လိုင်းကနေ လုံခြုံစွာလုပ်ဆောင်နိုင်ဖို့ ဘယ်စနစ်ကို သုံးနိုင်သလဲ?","Tourism Payment System ကို အသုံးပြုနိုင်ပါတယ်။"
"ကမ္ဘာ့အမွေအနှစ် (UNESCO) ယာယီစာရင်း (Tentative List) ထဲမှာ မြန်မာနိုင်ငံက နေရာပေါင်းမည်မျှ ပါဝင်နေသလဲ?","နေရာပေါင်း (၁၅) ခု ပါဝင်နေပါတယ်။"
"မြန်မာနိုင်ငံ ဟိုတယ်နှင့် ခရီးသွားလာရေး ဝန်ကြီးဌာနရဲ့ မျှော်မှန်းချက် (Vision) က ဘာလဲ?","တာဝန်သိခရီးသွားများအတွက် စစ်မှန်သောအတွေ့အကြုံများကို ပေးစွမ်းနိုင်သော၊ မဖြစ်မနေ လည်ပတ်သင့်သည့် ခရီးစဉ်ဒေသတစ်ခုအဖြစ် မြန်မာနိုင်ငံကို ရပ်တည်နိုင်စေရန်ဖြစ်သည်။"
"မြန်မာနိုင်ငံရဲ့ ရှည်လျားလှတဲ့ ကမ်းရိုးတန်းတလျှောက်မှာ ဘယ်လိုအလှအပတွေ ရှိသလဲ?","မိုင်ပေါင်း ၁,၀၀၀ ကျော် ရှည်လျားတဲ့ ကမ်းရိုးတန်းတလျှောက်မှာ စူးစမ်းလေ့လာခြင်း မပြုရသေးတဲ့ သဘာဝအလှတရားတွေနဲ့ အဖြူရောင်သဲသောင်ပြင်တွေ ရှိပါတယ်။"
"Ministry Digital Services အောက်မှာ ခရီးသွားလုပ်ငန်းရှင်တွေနဲ့ ခရီးသွားတွေအတွက် ဘယ်လို ဝန်ဆောင်မှုတွေ ပေးထားသလဲ?","Tourism Payment System နဲ့ Guest List Information System (GLIS) ကဲ့သို့သော အွန်လိုင်းပလတ်ဖောင်းတွေကို ပေးထားပါတယ်။"
"Guest List Information System (GLIS) ရဲ့ အဓိက အသုံးဝင်ပုံက ဘာလဲ?","ပွဲတက်ရောက်သူ ဧည့်သည်စာရင်း အချက်အလက်များကို စနစ်တကျ စီမံခန့်ခွဲနိုင်ပြီး အလွယ်တကူ ပြန်လည်ကြည့်ရှုနိုင်စေတဲ့ ဒစ်ဂျစ်တယ်ဝန်ဆောင်မှု ဖြစ်ပါတယ်။"
"မြန်မာနိုင်ငံရဲ့ ယဉ်ကျေးမှု အသည်းနှလုံး (Cultural Heartland) လို့ ဘယ်ဒေသကို တင်စားသလဲ?","ရှေးဟောင်းမြို့တော်ဟောင်းတွေနဲ့ ရိုးရာလက်မှုပညာရပ်တွေ ရှိရာ မန္တလေးတိုင်းဒေသကြီးကို တင်စားပါတယ်။"
"ရန်ကုန်မြို့ရဲ့ ထင်ရှားတဲ့ ပြယုဂ်တွေက ဘာတွေလဲ?","ကိုလိုနီခေတ် လက်ရာအဆောက်အအုံများနဲ့ ခန့်ညားထည်ဝါလှတဲ့ ရွှေတိဂုံစေတီတော်မြတ်ကြီးတို့ ဖြစ်ပါတယ်။"
"ကျိုက်ထီးရိုး ဆံတော်ရှင်စေတီတော်ရဲ့ ထူးခြားချက်က ဘာလဲ?","မြေဆွဲအားကို ဆန့်ကျင်ပြီး တည်ရှိနေတဲ့ ရွှေရောင်ကျောက်တုံးကြီး (Golden Rock) ဖြစ်ပြီး မြန်မာနိုင်ငံရဲ့ အထွတ်အမြတ်ထားရာ ဗုဒ္ဓဘာသာဝင်တို့ ဘုရားဖူးရာနေရာတစ်ခု ဖြစ်ပါတယ်။"
"ခရီးသွားလုပ်ငန်း ဖွံ့ဖြိုးတိုးတက်ဖို့အတွက် ဝန်ကြီးဌာနက ဘယ်လို မဟာဗျူဟာစီမံကိန်းတွေကို အကောင်အထည်ဖော်နေသလဲ?","ဗီဇာမူဝါဒများ တိုးမြှင့်ခြင်း၊ လေကြောင်းချိတ်ဆက်မှု မြှင့်တင်ခြင်း၊ ခရီးသွားဇုန်များ သတ်မှတ်ခြင်းနဲ့ လူထုအခြေပြု ခရီးသွားလုပ်ငန်း (CBT) စီမံကိန်းတွေကို အကောင်အထည်ဖော်နေပါတယ်။"
"ခရီးသွားလာရာမှာ ကျန်းမာရေးအတွက် ဘယ်လို ကြိုတင်ပြင်ဆင်သင့်သလဲ?","ခရီးမထွက်ခွာမီ ဆရာဝန်နဲ့ တိုင်ပင်ပြီး လိုအပ်တဲ့ ကာကွယ်ဆေးများ ထိုးနှံထားသင့်ကာ သောက်ရေအတွက် သန့်စင်ပြီးသား ရေသန့်ဘူးကိုသာ အသုံးပြုသင့်ပါတယ်။"
"ဒေသခံတွေရဲ့ ဓာတ်ပုံကို ရိုက်ကူးလိုတဲ့အခါ ဘာကို သတိပြုရမလဲ?","ဓာတ်ပုံမရိုက်မီ သက်ဆိုင်သူထံကနေ အမြဲတမ်း ခွင့်တောင်းရပါမယ်။"
"ပစ္စည်းတစ်ခုခုကို ပေးတဲ့အခါ ဒါမှမဟုတ် လက်ခံတဲ့အခါ ဘယ်ဘက်လက်ကို သုံးရမလဲ?","လက်ယာဘက် (ညာဘက်) လက်ကို အသုံးပြုရပါမယ်။"
"မြန်မာနိုင်ငံ ဟိုတယ်နှင့် ခရီးသွားလာရေး ဝန်ကြီးဌာနရဲ့ မျှော်မှန်းချက် (Vision) က ဘာလဲ?","မြန်မာနိုင်ငံကို တာဝန်သိခရီးသွားများအတွက် စစ်မှန်သောအတွေ့အကြုံများ ပေးစွမ်းနိုင်သော၊ မဖြစ်မနေ လည်ပတ်သင့်သည့် ခရီးစဉ်ဒေသတစ်ခုအဖြစ် ရပ်တည်နိုင်စေရန် ဖြစ်ပါသည်။"
"မြန်မာနိုင်ငံရဲ့ သမိုင်းကြောင်းဟာ နှစ်ပေါင်းမည်မျှ ကြာမြင့်ခဲ့ပြီလဲ?","နှစ်ပေါင်း ၂,၀၀၀ ကျော် သမိုင်းကြောင်း ရှိခဲ့ပြီ ဖြစ်ပါသည်။"
"ပုဂံဒေသက ရှေးဟောင်းဘုရားကျောင်းကန်တွေဟာ ဘယ်ရာစုနှစ်ကတည်းက စတင်တည်ရှိခဲ့တာလဲ?","(၉) ရာစုနှစ်ကတည်းက စတင်တည်ရှိခဲ့တာ ဖြစ်ပါတယ်။"
"ငပလီကမ်းခြေရဲ့ ထူးခြားချက်တွေက ဘာတွေလဲ?","အဖြူရောင်သဲသောင်ပြင်၊ အုန်းပင်တန်းများနဲ့ ကြည်လင်တဲ့ ပင်လယ်ရေရှိပြီး ရေကူးရန် အလွန်ကောင်းမွန်တဲ့ နေရာတစ်ခု ဖြစ်ပါတယ်။"
"မြန်မာနိုင်ငံရဲ့ ယဉ်ကျေးမှု အသည်းနှလုံး (Cultural Heartland) လို့ ဘယ်ဒေသကို တင်စားထားသလဲ?","မန္တလေးတိုင်းဒေသကြီးကို တင်စားထားပါတယ်။"
"ကျိုက်ထီးရိုးစေတီတော် (Golden Rock) ဟာ ဘယ်ပြည်နယ်မှာ တည်ရှိတာလဲ?","မွန်ပြည်နယ်မှာ တည်ရှိပါတယ်။"
"ခရီးသွားလုပ်ငန်း ဖွံ့ဖြိုးတိုးတက်ဖို့အတွက် ဝန်ကြီးဌာနက ဘယ်လို ဒစ်ဂျစ်တယ်ဝန်ဆောင်မှုတွေကို ပေးထားသလဲ?","Tourism Payment System နဲ့ Guest List Information System တို့ကဲ့သို့သော ဒစ်ဂျစ်တယ်ဝန်ဆောင်မှုများကို ပေးထားပါတယ်။"
"ခရီးသွားလာရာမှာ ကျန်းမာရေးအတွက် ဘယ်လိုကြိုတင်ပြင်ဆင်မှုတွေ လုပ်သင့်သလဲ?","ခရီးမထွက်ခွာမီ ဆရာဝန်နဲ့တိုင်ပင်ပြီး လိုအပ်တဲ့ ကာကွယ်ဆေးများ ထိုးနှံထားသင့်ကာ သန့်စင်ပြီးသား ရေသန့်ဘူးကိုသာ သောက်သုံးသင့်ပါတယ်။"
"ဗြိတိန်နိုင်ငံ (UK) ရဲ့ အကြံပြုချက်အရ ရန်ကုန်ကို သွားဖို့ အန္တရာယ်ရှိပါသလား။","ဗြိတိန်နိုင်ငံက ရန်ကုန်ကို ခရီးသွားလာခွင့် ကန့်သတ်ထားခြင်းမရှိပေမဲ့ တခြား အနောက်နိုင်ငံတွေကတော့ အန္တရာယ်ရှိတဲ့ဇုန်အဖြစ် သတ်မှတ်ထားပါတယ်။"
"အမေရိကန်အစိုးရက မြန်မာနိုင်ငံခရီးစဉ်အပေါ် ဘယ်လို သဘောထားရှိပါသလဲ။","အမေရိကန်နိုင်ငံကတော့ မြန်မာနိုင်ငံတစ်ဝန်းလုံးကို ""Level 4: Do Not Travel"" (လုံးဝ ခရီးမသွားရန်) ဆိုတဲ့ အမြင့်ဆုံးအဆင့် သတိပေးချက် ထုတ်ထားပါတယ်။"
"ရန်ကုန်မြို့ထဲမှာ ပေါက်ကွဲမှုတွေ ဖြစ်ပွားလေ့ရှိပါသလား။","ရန်ကုန်မြို့ပြဧရိယာမှာ တစ်လကို ပျမ်းမျှ အကြိမ် ၂၀ ကျော်လောက် ပေါက်ကွဲမှုတွေ ဖြစ်ပွားနေတယ်လို့ အစီရင်ခံစာတွေအရ သိရပါတယ်။"
"ခရီးသွားနေစဉ်အတွင်း လုံခြုံရေးစစ်ဆေးမှုတွေ ကြုံရနိုင်ပါသလား။","လုံခြုံရေးဂိတ်တွေမှာ ပတ်စပို့နဲ့ ဗီဇာတွေကို မကြာခဏ စစ်ဆေးတာမျိုးတွေ ကြုံရနိုင်တဲ့အတွက် စာရွက်စာတမ်း အပြည့်အစုံ ဆောင်ထားဖို့ လိုပါတယ်။"
"နိုင်ငံခြားသားတွေ အကြောင်းမဲ့ ဖမ်းဆီးခံရနိုင်တဲ့ အခြေအနေ ရှိပါသလား။","အခြေအမြစ်မရှိတဲ့ စွပ်စွဲချက်တွေ ဒါမှမဟုတ် နိုင်ငံရေးနဲ့ ပတ်သက်တဲ့ အကြောင်းပြချက်တွေကြောင့် ဖမ်းဆီးထိန်းသိမ်းခံရနိုင်ခြေ ရှိတယ်လို့ သံရုံးအချို့က သတိပေးထားပါတယ်။"
"ဆိုရှယ်မီဒီယာ အသုံးပြုမှုက ဖမ်းဆီးခံရဖို့ အကြောင်းရင်း ဖြစ်နိုင်ပါသလား။","ဟုတ်ပါတယ်၊ အစိုးရကို ဝေဖန်တဲ့ ရေးသားမှုတွေဟာ အွန်လိုင်းပေါ်မှာ ရှိနေခဲ့ရင် ဖမ်းဆီးခံရဖို့ အန္တရာယ် ရှိပါတယ်။"
"ဖမ်းဆီးခံရတဲ့အခါ မိမိနိုင်ငံသံရုံးက ချက်ချင်း ကူညီနိုင်ပါသလား။","အာဏာပိုင်တွေဘက်က သံရုံးနဲ့ ဆက်သွယ်ခွင့်ကို ကာလရှည်ကြာ ပိတ်ပင်ထားနိုင်တာကြောင့် ချက်ချင်း အကူအညီရဖို့ ခက်ခဲနိုင်ပါတယ်။"
"ကလေးငယ်တွေနဲ့အတူ သွားရောက်ဖို့ ကျန်းမာရေးစောင့်ရှောက်မှုက စိတ်ချရပါသလား။","လက်ရှိမှာ ကျန်းမာရေးစနစ်က အားနည်းနေတာကြောင့် အရေးပေါ် ကျန်းမာရေးပြဿနာရှိလာရင် နိုင်ငံတကာအဆင့်မီ ကုသမှုရဖို့ အခက်အခဲ ရှိနိုင်ပါတယ်။"
"မြန်မာနိုင်ငံမှာ VPN အသုံးပြုလို့ ရပါသလား။","VPN အသုံးပြုမှုကို တရားမဝင်ဘူးလို့ သတ်မှတ်ထားပြီး စစ်ဆေးတွေ့ရှိပါက ထောင်ဒဏ် သို့မဟုတ် ငွေဒဏ် ချမှတ်ခံရနိုင်ပါတယ်။"
"ငွေကြေးသုံးစွဲမှုအတွက် ATM တွေက အဆင်ပြေပါသလား။","ATM စက်တွေက အမြဲတမ်း အလုပ်မလုပ်တာကြောင့် သုံးစွဲဖို့အတွက် အမေရိကန်ဒေါ်လာ (အသစ်) တွေကို လက်သား ငွေသားအဖြစ် ဆောင်သွားသင့်ပါတယ်။"
"ရန်ကုန်ကနေ တခြားမြို့တွေကို ကားနဲ့သွားလို့ ရပါသလား။","ကုန်းလမ်းခရီးမှာ စစ်ဆေးရေးဂိတ်တွေနဲ့ ပဋိပက္ခတွေ ရှိနိုင်တာကြောင့် လေကြောင်းခရီးစဉ်ကိုသာ အဓိက သုံးသင့်ပါတယ်။"
"မြန်မာနိုင်ငံအတွက် ခရီးသွားအာမခံ (Travel Insurance) အလွယ်တကူ ရနိုင်ပါသလား။","နိုင်ငံတကာ သတိပေးချက်တွေကြောင့် အာမခံကုမ္ပဏီအတော်များများက မြန်မာနိုင်ငံအတွက် အာမခံပေးဖို့ ငြင်းဆိုထားတာမျိုး ရှိတတ်ပါတယ်။"
"ရန်ကုန်မြို့ရဲ့ အများပြည်သူဆိုင်ရာ နေရာတွေက ဘေးကင်းပါသလား။","ဟိုတယ်တွေ၊ ဈေးဝယ်စင်တာတွေနဲ့ စားသောက်ဆိုင်တွေဟာ ရံဖန်ရံခါ ပစ်မှတ်ထားခံရနိုင်တဲ့အတွက် သတိအမြဲရှိဖို့ လိုပါတယ်။"
"အင်တာနက်လိုင်းတွေက အမြဲတမ်း ရပါသလား။","မိုဘိုင်းဒေတာနဲ့ အင်တာနက်လိုင်းတွေကို အာဏာပိုင်တွေဘက်က လိုအပ်သလို ဖြတ်တောက်တာမျိုးတွေ ရှိတတ်ပါတယ်။"
"ဗြိတိန်နိုင်ငံသားတစ်ယောက်အနေနဲ့ ရန်ကုန်ကို သွားသင့်ပါသလား။","အတွေ့အကြုံရှိ ခရီးသွားဖြစ်ပေမဲ့လည်း ကလေးငယ်တွေနဲ့အတူ လာရောက်ဖို့ကတော့ စွန့်စားမှု အလွန်များတဲ့အတွက် သေချာစဉ်းစားသင့်ပါတယ်။"
"နိုင်ငံခြားငွေလဲလှယ်တဲ့အခါ ဘာတွေ သတိထားရမလဲ။","ဒေါ်လာငွေစက္ကူတွေဟာ ခေါက်ရာ၊ စွန်းထင်းရာ မရှိဘဲ လုံးဝ အသစ်စက်စက် ဖြစ်နေမှသာ လဲလှယ်လို့ အဆင်ပြေပါလိမ့်မယ်။"
"ရန်ကုန်မှာ ညဖက် အပြင်ထွက်လို့ ရပါသလား။","ညမထွက်ရအမိန့် (Curfew) ရှိ၊ မရှိနဲ့ လုံခြုံရေး အခြေအနေပေါ် မူတည်ပြီး ညဖက် သွားလာမှုကို အတတ်နိုင်ဆုံး ရှောင်ကြဉ်သင့်ပါတယ်။"
"ခရီးစဉ်အတွင်း ဗြိတိန်သံရုံးကို အကြောင်းကြားထားဖို့ လိုပါသလား။","ဟုတ်ကဲ့၊ တစ်ခုခုဖြစ်လာရင် အဆက်အသွယ်ရအောင် သံရုံးမှာ မိမိရဲ့ ခရီးစဉ် အချက်အလက်တွေကို ကြိုတင် စာရင်းပေးထားသင့်ပါတယ်။"
"မြန်မာနိုင်ငံက ဥပဒေတွေက နိုင်ငံခြားသားတွေအပေါ် ဘယ်လို သက်ရောက်မှု ရှိသလဲ။","ဒေသတွင်း ဥပဒေတွေက ပြင်းထန်ပြီး မထင်မှတ်တဲ့ အသေးအဖွဲ ကိစ္စတွေကနေ ပြဿနာကြီးကြီးမားမား ဖြစ်သွားနိုင်ပါတယ်။"
"အခုအချိန်မှာ ရန်ကုန်ကို အလည်အပတ်သွားတာက ပျော်စရာကောင်းတဲ့ ခရီးစဉ် ဖြစ်နိုင်ပါသလား။","လုံခြုံရေး စိုးရိမ်ရမှုတွေ၊ ကန့်သတ်ချက်တွေနဲ့ အခြေခံဝန်ဆောင်မှု အားနည်းချက်တွေကြောင့် ပုံမှန် အပန်းဖြေခရီးတစ်ခုလိုမျိုး စိတ်လက်ပေါ့ပါးစွာ နေနိုင်ဖို့ ခဲယဉ်းပါလိမ့်မယ်။"
"အာရှလမ်းမကြီး (Myawaddy-Kawkareik) ပြန်ပွင့်ပြီဆိုတာ ဟုတ်ပါသလား။","လမ်းပိုင်းအချို့ ပြန်ဖွင့်ပေးထားတယ်ဆိုပေမဲ့ ကိုယ်ပိုင်ကားလေးတွေလောက်ပဲ သွားလို့ရသေးပြီး ကုန်သွယ်ရေးကားကြီးတွေကိုတော့ ခွင့်မပြုသေးပါဘူး။"
"ကော့ကရိတ်နဲ့ ကျုံဒိုးဘက်မှာ တိုက်ပွဲတွေ ရှိနေသေးသလား။","ဟုတ်ပါတယ်၊ အဲ့ဒီဒေသတဝိုက်မှာ လက်နက်ကိုင်ပဋိပက္ခတွေက ရံဖန်ရံခါ ဆက်ဖြစ်နေတုန်းပါပဲ။"
"ဒုတိယ ချစ်ကြည်ရေးတံတား (Bridge 2) အခြေအနေက ဘယ်လိုရှိလဲ။","ဒုတိယတံတားက အခုထိ ပိတ်ထားဆဲဖြစ်ပြီး ဘယ်တော့ပြန်ဖွင့်မလဲဆိုတဲ့ အချိန်အတိအကျလည်း မသိရသေးပါဘူး။"
"တံတားပြန်ပွင့်လာရင် နိုင်ငံခြားသားတွေကို ချက်ချင်း ခွင့်ပြုမှာလား။","တံတားပြန်ပွင့်ခဲ့ရင်တောင် ကုန်သွယ်ရေးကိုပဲ ဦးစားပေးမှာဖြစ်လို့ ကမ္ဘာလှည့်ခရီးသည်တွေကို ခွင့်ပြုဖို့ကတော့ လောလောဆယ် မျှော်လင့်ချက် နည်းနေပါသေးတယ်။"
"မြဝတီကို Border Pass (နေ့ချင်းပြန်) နဲ့ သွားလည်လို့ ရနိုင်မလား။","နီးစပ်ရာ အနာဂတ်ကာလအထိတော့ နိုင်ငံခြားသားတွေကို နေ့ချင်းပြန်ဝင်ခွင့်ပေးဖို့ အခြေအနေ မမြင်ရသေးပါဘူး။"
"အာရှလမ်းမကြီး ပိတ်ထားတာ ဘယ်လောက်ကြာပြီလဲ။","တိုက်ပွဲတွေကြောင့် ဒီလမ်းပိုင်းဟာ ၂၀၂၃ ခုနှစ်နှောင်းပိုင်းကတည်းက ၂ နှစ်နီးပါးလောက် ပိတ်ထားခဲ့ရတာပါ။"
"လမ်းဟောင်း (တောင်ပတ်လမ်း) တွေကနေ သွားလို့မရဘူးလား။","တောင်ပတ်လမ်းတွေကို အာဏာပိုင်တွေဘက်က ပိတ်ဆို့ထားသလို လက်နက်ကိုင်အဖွဲ့တွေရဲ့ ထိန်းချုပ်မှုအောက်မှာ ရှိနေတာကြောင့် သွားလာဖို့ မဖြစ်နိုင်ပါဘူး။"
"နယ်စပ်ကုန်သွယ်ရေးက အခု ဘယ်လိုပုံစံ ဖြစ်နေလဲ။","လမ်းကြောင်းတွေ ပိတ်ထားတဲ့အတွက် ကုန်စည်စီးဆင်းမှုက ရပ်တန့်လုနီးပါး ဖြစ်နေပြီး ကုန်သည်တွေ အခက်တွေ့နေကြပါတယ်။"
"ထိုင်းဘက်ကနေ မြန်မာကားတွေ ဝင်ခွင့်ပေးတာနဲ့ ပတ်သက်ပြီး ဘာတွေ ထူးခြားလဲ။","ထိုင်းအာဏာပိုင်တွေက ပိုင်ဆိုင်မှုအထောက်အထား မပြည့်စုံတဲ့ မြန်မာကားတွေကို နယ်စပ်ဖြတ်ကျော်ခွင့် တင်းတင်းကျပ်ကျပ် ပိတ်ပင်လိုက်ပါတယ်။"
"နိုင်ငံခြားသားတွေအတွက် အခြား နယ်စပ်ဂိတ်တွေကနေ ဝင်လို့ရနိုင်မလား။","လက်ရှိ လုံခြုံရေးအခြေအနေအရ ကုန်းလမ်းနယ်စပ်ဂိတ်တွေကနေ ဝင်ရောက်ဖို့က အလွန်ခက်ခဲပြီး လေကြောင်းခရီးကိုပဲ အဓိက အားကိုးနေရပါတယ်။"
"ဒီသတင်းအချက်အလက်တွေက ဘယ်လောက်အထိ စိတ်ချရလဲ။","Irrawaddy လို သတင်းဌာနတွေနဲ့ ထိုင်းသတင်းအေဂျင်စီတွေရဲ့ နောက်ဆုံးထုတ်ပြန်ချက်တွေကို အခြေခံထားတာ ဖြစ်ပါတယ်။"
"မဲဆောက်ဘက်မှာရော အခြေအနေက ဘယ်လိုရှိလဲ။","ထိုင်းစစ်တပ်က နယ်စပ်လုံခြုံရေးကို တိုးမြှင့်ထားပြီး တိုက်ပွဲတွေကြောင့် ထိခိုက်မှုမရှိအောင် စောင့်ကြည့်နေပါတယ်။"
"ခရီးသွားဖို့ စီစဉ်နေတဲ့သူတွေ ဘာလုပ်သင့်လဲ။","နယ်စပ်အခြေအနေက အချိန်မရွေး ပြောင်းလဲနိုင်တာကြောင့် ခရီးမထွက်ခင် သတင်းတွေကို မျက်ခြေမပြတ် စောင့်ကြည့်ဖို့ လိုပါတယ်။"
"ကော့ကရိတ်နဲ့ မြဝတီကြားက လမ်းပိုင်းက ဘယ်သူတွေ ထိန်းချုပ်ထားတာလဲ။","စစ်ကောင်စီတပ်တွေနဲ့ ကရင်လက်နက်ကိုင်အဖွဲ့တွေကြား နယ်မြေစိုးမိုးမှုအတွက် တိုက်ပွဲတွေ ဆက်လက်ပြင်းထန်နေဆဲ ဖြစ်ပါတယ်။"
"စက်သုံးဆီဆိုင်တွေမှာ ဘာကြောင့် ကားတန်းကြီးတွေ ရှည်နေရတာလဲ။","အနာဂတ်မှာ ဆီပြတ်လပ်မှု ပိုဆိုးလာမှာကို စိုးရိမ်ပြီး လူတွေက ရသလောက် ဝယ်ယူစုဆောင်းနေကြလို့ ဖြစ်ပါတယ်။"
"ဒီလို ဆီတန်းစီတာတွေကြောင့် လမ်းမပေါ်မှာ ဘာတွေဖြစ်ကုန်သလဲ။","ဆီဆိုင်ရှေ့မှာ တန်းစီနေတဲ့ ကားတန်းတွေကြောင့် လမ်းမတွေပိတ်ပြီး ယာဉ်ကြောပိတ်ဆို့မှုတွေ အကြီးအကျယ် ဖြစ်နေပါတယ်။"
"မှောင်ခိုဈေးကွက် (Black Market) အခြေအနေက ဘယ်လိုရှိလဲ။","ဆီမှောင်ခိုဈေးကွက်ဟာ နေ့ခင်းကြောင်တောင်မှာတင် ဗြောင်ကျကျနဲ့ အင်တိုက်အားတိုက် ဖြစ်ထွန်းနေပါတယ်။"
"တက္ကစီသမားအချို့က ဘာကြောင့် ဆီပြန်ရောင်းနေကြတာလဲ။","တက္ကစီမောင်းတာထက် ဆီဆိုင်ကရတဲ့ဆီကို မှောင်ခိုဈေးနဲ့ ပြန်ရောင်းတာက ဝင်ငွေပိုကောင်းနေလို့ ဖြစ်ပါတယ်။"
"တက္ကစီတွေအတွက် ထုတ်ပြန်ထားတဲ့ ကန့်သတ်ချက်အသစ်က ဘာလဲ။","ဆီဝယ်တဲ့အခါ ကီလိုမီတာ အကွာအဝေးမှတ်တမ်းကိုပြပြီး တကယ်မောင်းထားကြောင်း သက်သေပြရမယ်ဆိုတဲ့ စည်းကမ်းချက် ထွက်လာပါတယ်။"
"ဒီ ကီလိုမီတာပြရမယ်ဆိုတဲ့ စည်းကမ်းက လက်တွေ့ကျပါသလား။","ဒါဟာ လုံးဝကို ရယ်စရာကောင်းပြီး လက်တွေ့မှာ လုပ်ဆောင်ဖို့ မဖြစ်နိုင်တဲ့ ကိစ္စတစ်ခုပါ။"
"လျှပ်စစ်ကား (EV) ပိုင်ရှင်တွေရော ဘာအခက်အခဲ ကြုံနေရသလဲ။","EV ကားတွေလည်း ဆီကားတွေနည်းတူ အားသွင်းဖို့အတွက် အားသွင်းဂိတ်တွေမှာ တန်းစီနေကြရပါတယ်။"
"EV ပိုင်ရှင်တွေ အိမ်မှာ အားသွင်းလို့ မရဘူးလား။","အိမ်မှာ အားသွင်းဖို့ အဆောက်အအုံ ဒါမှမဟုတ် စက်ပစ္စည်း မပြည့်စုံတဲ့သူက အများစုဖြစ်လို့ အားသွင်းဂိတ်တွေကိုပဲ အားကိုးနေရပါတယ်။"
"လျှပ်စစ်မီး မမှန်တာက အားသွင်းဂိတ်တွေအပေါ် ဘယ်လို သက်ရောက်မှုရှိလဲ။","မီးခဏခဏ ပျက်တဲ့အတွက် အားသွင်းဂိတ်အချို့ဟာ ဆိုလာစနစ် (Solar) ကို ပြောင်းလဲအသုံးပြုနေရပါတယ်။"
"မြန်မာပြည်သူတွေရဲ့ လက်ရှိဘဝကို ဘယ်လို တင်စားနိုင်မလဲ။","ဘာမဆို တန်းစီရတဲ့ အလေ့အကျင့်ဟာ မြန်မာပြည်သူတွေအတွက် အကြီးအကျယ် လေ့ကျင့်ခန်းဆင်းနေရသလို ဖြစ်နေပါတယ်။"
"ဆီဆိုင်တွေမှာ တန်းစီရတာက အချိန်ဘယ်လောက် ကြာတတ်သလဲ။","ဆီရဖို့အတွက် နာရီပေါင်းများစွာ ဒါမှမဟုတ် တစ်နေ့လုံးနီးပါး တန်းစီစောင့်ဆိုင်းရတာမျိုးတွေ ရှိပါတယ်။"
"ဆီပြတ်လပ်မှုက ကုန်ဈေးနှုန်းအပေါ် သက်ရောက်မှု ရှိပါသလား။","သယ်ယူပို့ဆောင်ရေးစရိတ်တွေ တက်လာတဲ့အတွက် အခြေခံစားသောက်ကုန်ဈေးနှုန်းတွေလည်း လိုက်တက်လာပါတယ်။"
"EV တက္ကစီတွေအတွက်ရော အခြေအနေက ဘယ်လိုလဲ။","EV တက္ကစီတွေဟာလည်း အားသွင်းဖို့ ခက်ခဲနေတဲ့အတွက် ခရီးသည်တင်ဆောင်ဖို့ထက် တန်းစီဖို့ အချိန်ပိုကုန်နေကြရပါတယ်။"
"ဆိုလာနဲ့ အားသွင်းရတာက မြန်ဆန်မှုရှိရဲ့လား။","လျှပ်စစ်မီးလောက် အားမပြည့်တဲ့အတွက် အားသွင်းချိန် ပိုကြာမြင့်ပြီး ကားတန်းတွေ ပိုရှည်လာစေပါတယ်။"
"အစိုးရရဲ့ ကန့်သတ်ချက်တွေက ပြဿနာကို ပြေလည်စေသလား။","ကန့်သတ်ချက်တွေက ပြည်သူတွေကို ပိုပြီး စိုးရိမ်ပူပန်စေကာ အခြေအနေကို ပိုဆိုးအောင်သာ လုပ်နေသလို ဖြစ်နေပါတယ်။"
"လူတွေက ဘာကြောင့် ဒီလောက်အထိ အတင်းအကျပ် ဝယ်ယူနေကြတာလဲ။","နောင်မှာ ဆီလုံးဝ ဝယ်မရတော့မှာကို ကြောက်တဲ့ ""Panic Buying"" စိတ်က လူတိုင်းမှာ ဖြစ်နေလို့ပါ။"
"ဆီမှောင်ခိုဈေးက ပြင်ပပေါက်ဈေးထက် ဘယ်လောက် ပိုများနေသလဲ။","ဆီဆိုင်ဈေးထက် နှစ်ဆ၊ သုံးဆမက ပိုများနေပေမဲ့ အရေးပေါ်လိုတဲ့သူတွေကတော့ ဝယ်နေကြရပါတယ်။"
"ယာဉ်မောင်းတွေကြားမှာ ဒီအခြေအနေအပေါ် ဘယ်လိုမြင်ကြသလဲ။","အားလုံးက စိတ်ပျက်အားလျော့နေကြပြီး နေ့စဉ်ရှင်သန်ဖို့အတွက် တန်းစီရင်းနဲ့ပဲ အချိန်ကုန်နေကြရပါတယ်။"
"EV ကားတွေရဲ့ အနာဂတ်ကရော စိတ်ချရပါဦးမလား။","လျှပ်စစ်မီး အခက်အခဲကြောင့် EV ကားတွေဟာလည်း ထင်သလောက် အဆင်မပြေဖြစ်နေပါတယ်။"
"ဒီပြဿနာတွေ ဘယ်တော့လောက် ပြေလည်သွားမလဲ။","လက်ရှိမှာတော့ ဘယ်သူမှ တိတိကျကျ မပြောနိုင်သေးဘဲ အခြေအနေက ပိုပြီး ဆိုးဝါးလာဖို့ပဲ ရှိနေပါတယ်။"
"၂၀၂၆ ဧပြီလ ရန်ကုန်ခရီးစဉ်အပေါ် ခရီးသွားရဲ့ ယေဘုယျအမြင်က ဘယ်လိုရှိသလဲ။","ခရီးသွားက ရန်ကုန်ရဲ့ အခြေအနေကို သဘောကျခဲ့ပြီး အချိန်ကောင်းလေးတွေ ပိုင်ဆိုင်ခဲ့ပါတယ်။"
"မြန်မာနိုင်ငံကို ဘယ်လေကြောင်းလိုင်းနဲ့ လာရောက်ခဲ့တာလဲ။","ဘန်ကောက်မြို့ကနေ ထိုင်းလေကြောင်းလိုင်း (Thai Airways) နဲ့ ပျံသန်းလာခဲ့တာ ဖြစ်ပါတယ်။"
"ရန်ကုန်မှာ ဘယ်ဟိုတယ်မှာ တည်းခိုခဲ့သလဲ။","ParkRoyal ဟိုတယ်မှာ တည်းခိုခဲ့ပြီး အဆောက်အအုံက အနည်းငယ် ဟောင်းနေပေမဲ့ နေလို့ကောင်းတယ်လို့ ဆိုပါတယ်။"
"တည်းခိုခဲ့တဲ့ ဟိုတယ်မှာ စားသောက်ဆိုင် ဘယ်နှဆိုင် ရှိသလဲ။","အဲ့ဒီဟိုတယ်မှာ ရွေးချယ်စရာ စားသောက်ဆိုင် လေးဆိုင်အထိ ရှိပါတယ်။"
"မြို့တွင်းလည်ပတ်မှုမှာ ဘယ်နေရာက အကောင်းဆုံး ဖြစ်ခဲ့သလဲ။","ရွှေတိဂုံစေတီတော်မြတ်ကြီးရဲ့ တင့်တယ်ကြည်ညိုဖွယ် အသွင်သဏ္ဌာန်က အကောင်းဆုံး အမှတ်တရ ဖြစ်ခဲ့ပါတယ်။"
"ပြည်ဝင်ဗီဇာ လျှောက်ထားရတာ ခက်ခဲမှု ရှိခဲ့ပါသလား။","အွန်လိုင်းကနေ ဗီဇာလျှောက်ထားရာမှာ ဘာအခက်အခဲမှမရှိဘဲ အဆင်ပြေပြေ ရရှိခဲ့ပါတယ်။"
"ခရီးစဉ်အတွင်း ငွေကြေးဆိုင်ရာ ဘာအခက်အခဲ ကြုံခဲ့ရသလဲ။","အချို့နေရာတွေမှာ ခရက်ဒစ်ကတ် (Credit Card) သုံးလို့မရတဲ့ ပြဿနာတစ်ခုပဲ ကြုံခဲ့ရပါတယ်။"
"ကတ်သုံးလို့မရတဲ့အခါ ငွေပေးချေမှုကို ဘယ်လို ဖြေရှင်းခဲ့သလဲ။","မိမိမှာ အမေရိကန်ဒေါ်လာ လက်ငင်းငွေသား အလုံအလောက်ပါလာတဲ့အတွက် အဆင်ပြေသွားခဲ့ပါတယ်။"
"မြန်မာပြည်သူတွေအပေါ် ခရီးသွားရဲ့ အမြင်က ဘယ်လိုရှိသလဲ။","မြန်မာလူမျိုးတွေဟာ အရမ်းကို ဖော်ရွေပျူငှာပြီး ချစ်ဖို့ကောင်းတယ်လို့ မှတ်ချက်ပေးထားပါတယ်။"
"နောင်မှာ မြန်မာနိုင်ငံကို ထပ်လာဖို့ အစီအစဉ် ရှိပါသလား။","ဟုတ်ကဲ့၊ မကြာခင်မှာ ပြန်လာပြီး တခြားဒေသတွေကိုပါ ပိုမိုလည်ပတ်ချင်တယ်လို့ ဆိုပါတယ်။"
"ဒီခရီးစဉ်က ဘယ်လောက်အထိ ကြာမြင့်ခဲ့တာလဲ။","ဧပြီလအတွင်းမှာ ရက်အနည်းငယ်ကြာ (၂ ရက်၊ ၃ ရက်ခန့်) လည်ပတ်ခဲ့တာ ဖြစ်ပါတယ်။"
"ParkRoyal ဟိုတယ်က တည်းခိုဖို့ သင့်တော်ရဲ့လား။","အပြင်အဆင်က ခေတ်မမီတော့ဘူးလို့ ထင်ရပေမဲ့ သက်တောင့်သက်သာရှိတဲ့ တည်းခိုမှုမျိုး ပေးစွမ်းနိုင်ပါတယ်။"
"အခုအချိန်မှာ အွန်လိုင်းဗီဇာစနစ်က တကယ်ပဲ အလုပ်လုပ်နေတာလား။","ဒီခရီးသွားရဲ့ အတွေ့အကြုံအရတော့ E-visa စနစ်က ပုံမှန်အတိုင်း အဆင်ပြေနေတာကို တွေ့ရပါတယ်။"
"ရန်ကုန်ကိုသွားရင် ငွေသားယူသွားဖို့ လိုအပ်ပါသလား။","ကတ်တွေက နေရာတိုင်းမှာ အလုပ်မလုပ်နိုင်တဲ့အတွက် ဒေါ်လာငွေသား ဆောင်သွားဖို့ အထူးလိုအပ်ပါတယ်။"
"တခြားသူတွေကိုရော ရန်ကုန်မြို့ထဲ လည်ပတ်ဖို့ တိုက်တွန်းချင်ပါသလား။","ရွှေတိဂုံဘုရားလို နေရာမျိုးတွေ ရှိတဲ့အတွက် ရန်ကုန်မြို့တွင်း လည်ပတ်မှုက တန်ဖိုးရှိတဲ့ အတွေ့အကြုံတစ်ခု ဖြစ်မှာပါ။"
"ခရီးသွားက ဘယ်အချိန်မှာ မြန်မာနိုင်ငံကို လာဖို့ စီစဉ်ထားတာလဲ။","၂၀၂၆ ခုနှစ်၊ ဒီဇင်ဘာလအစောပိုင်းမှာ ဘန်ကောက်ကနေတစ်ဆင့် လာဖို့ စီစဉ်ထားတာပါ။"
"သူက ဘယ်လို ခရီးစဉ်မျိုးကို လိုချင်နေတာလဲ။","ကိုယ်တိုင်သွားတာမျိုးမဟုတ်ဘဲ ၇ ရက်စာ Package Tour ခရီးစဉ်မျိုးကို ရှာဖွေနေတာ ဖြစ်ပါတယ်။"
"အွန်လိုင်းက ခရီးသွားအေဂျင်စီတွေနဲ့ ဆက်သွယ်ရာမှာ ဘာအခက်အခဲ ကြုံနေရသလဲ။","အေဂျင်စီအတော်များများက သူတို့ရဲ့ စုံစမ်းမေးမြန်းမှုတွေကို ပြန်လည်ဖြေကြားခြင်း မရှိတာပါ။"
"ပြန်စာပို့တဲ့ အေဂျင်စီတစ်ခုက ဘယ်လို ခရီးစဉ်မျိုးကို ကမ်းလှမ်းခဲ့သလဲ။","မြို့တစ်ခုနဲ့တစ်ခု ကားနဲ့ ၃၂ နာရီကြာ သွားရမယ့် တစ်ကိုယ်တော်ခရီးစဉ်ကို ကမ်းလှမ်းခဲ့ပါတယ်။"
"သူက တစ်ယောက်တည်း သွားချင်တာလား၊ အဖွဲ့နဲ့ သွားချင်တာလား။","လူနည်းစုပါဝင်တဲ့ အဖွဲ့လိုက်ခရီးစဉ် (Small Group Tour) မှာ ပါဝင်ဖို့ကိုပဲ ပိုပြီး လိုလားပါတယ်။"
"လက်ရှိ ဒေသတွင်း ဆီပြတ်လပ်မှုကို ဖြစ်စေတဲ့ အကြောင်းရင်းက ဘာလို့ သူက ယူဆထားသလဲ။","အီရန်အပေါ် အမေရိကန်နဲ့ အစ္စရေးတို့ရဲ့ တိုက်ခိုက်မှုတွေကြောင့်လို့ သူက နားလည်ထားပါတယ်။"
"ဒီကမ္ဘာ့အခြေအနေက မြန်မာနိုင်ငံအပေါ် ဘယ်လို သက်ရောက်နေသလဲ။","မြန်မာနိုင်ငံနဲ့ အရှေ့တောင်အာရှနိုင်ငံအချို့မှာ စက်သုံးဆီ အကြီးအကျယ် ပြတ်လပ်မှုကို ဖြစ်ပေါ်စေပါတယ်။"
"သူက ဘာကြောင့် ကိုယ်တိုင်ခရီးသွားဖို့ (Independent Travel) ဝန်လေးနေတာလဲ။","မြန်မာပြည်က စိတ်ဝင်စားဖို့ကောင်းပေမဲ့ စီစဉ်ဆောင်ရွက်ရမယ့် ကိစ္စတွေကို ကိုယ်တိုင်မလုပ်နိုင်မှာ စိုးရိမ်လို့ပါ။"
"သူ့ရဲ့ မူရင်းစာသားမှာ အဓိက ဘာကို အကူအညီတောင်းထားတာလဲ။","အခြေအနေတွေ ပုံမှန်ဖြစ်နေချိန်မှာ ခရီးစဉ်ကောင်းကောင်း စီစဉ်ပေးနိုင်တဲ့ နာမည်ပျက်မရှိ အေဂျင်စီတွေကို သိချင်တာပါ။"
"မြို့အချင်းချင်း ကားနဲ့သွားရမယ့် ခရီးစဉ်ကို သူက သဘောကျပါသလား။","မကြိုက်ပါဘူး၊ တစ်ကိုယ်တော်ခရီးစဉ်မှာ ကားပေါ် ၃၂ နာရီကြာ အချိန်ကုန်ရမှာကို သူက မလိုလားပါဘူး။"
"အခုအချိန်မှာ မြန်မာပြည်တွင်း လေကြောင်းလိုင်းတွေက ပုံမှန်ပျံသန်းနေသလား။","၂၀၂၆ အစောပိုင်းမှာ လေယာဉ်ဆီပြတ်လပ်မှုကြောင့် ပြည်တွင်းလေကြောင်းခရီးစဉ်အများစု အနှောင့်အယှက်ဖြစ်နေပါတယ်။"
"အဖွဲ့လိုက် ခရီးစဉ်တွေက အဓိက ဘယ်နေရာတွေကို ပို့ပေးလေ့ရှိသလဲ။","များသောအားဖြင့် ရန်ကုန်၊ ပုဂံ၊ မန္တလေးနဲ့ အင်းလေးကန် စတဲ့ တည်ငြိမ်တဲ့နေရာတွေကိုပဲ ပို့ပေးပါတယ်။"
"အေဂျင်စီတစ်ခုက အခုထိ လုပ်ငန်းလည်ပတ်နေတုန်းပဲဆိုတာ ဘယ်လိုသိနိုင်မလဲ။","သူတို့ရဲ့ ဝဘ်ဆိုက်မှာ ""2026 Departure Dates"" ဆိုပြီး ခရီးစဉ်ထွက်မယ့်ရက်စွဲတွေ တင်ထား၊ မထား ကြည့်ရပါမယ်။"
"မြန်မာနိုင်ငံအတွက် ဘယ်လို ခရီးသွားအေဂျင်စီတွေကို အကြံပြုထားကြသလဲ။","ယဉ်ကျေးမှုနဲ့ လူမှုကျင့်ဝတ်ကို အလေးထားတဲ့ Responsible Travel လို အဖွဲ့မျိုးတွေကို အကြံပြုလေ့ရှိပါတယ်။"
"လူနည်းစုအဖွဲ့ (Small Group) ဆိုတာ ပုံမှန်အားဖြင့် လူဘယ်နှစ်ယောက်လောက်လဲ။","အေဂျင်စီအပေါ်မူတည်ပြီး အနည်းဆုံး ၂ ယောက်ကနေ အများဆုံး ၁၂ ယောက်အထိ ရှိတတ်ပါတယ်။"
"စက်သုံးဆီပြဿနာက ဘယ်တော့လောက် ပြန်အဆင်ပြေမယ်လို့ ခန့်မှန်းထားကြသလဲ။","ဈေးကွက်ကျွမ်းကျင်သူတွေက ၄ လကနေ ၆ လအတွင်း ပြန်လည်တည်ငြိမ်လာနိုင်တယ်လို့ ခန့်မှန်းကြပါတယ်။"
"အခုလို အခက်အခဲတွေကြားက မြန်မာပြည်ကို သူက သွားချင်နေတုန်းပဲလား။","ဟုတ်ပါတယ်၊ မြန်မာပြည်က အရမ်းစိတ်ဝင်စားဖို့ကောင်းတဲ့နေရာလို့ သူက သတ်မှတ်ထားပါတယ်။"
"အေဂျင်စီတွေက အီးမေးလ်တွေကို ဘာကြောင့် ချက်ချင်း ပြန်မဖြေနိုင်တာ ဖြစ်မလဲ။","ဆီပြတ်လပ်မှုနဲ့ သယ်ယူပို့ဆောင်ရေး အခက်အခဲတွေကြောင့် ခရီးစဉ်အတည်ပြုဖို့ သူတို့ကိုယ်တိုင် ရုန်းကန်နေရလို့ ဖြစ်နိုင်ပါတယ်။"
"အဖွဲ့လိုက်ခရီးစဉ်မှာ လိုက်ပါတာက ဘာတွေ အကျိုးကျေးဇူးရှိသလဲ။","လမ်းပြပါဝင်ပြီး အစစအရာရာ စီစဉ်ပေးတဲ့အတွက် တစ်ယောက်တည်းသွားဖို့ ကြောက်တဲ့သူတွေအတွက် စိတ်ချရပါတယ်။"
"ခရီးသွားက ဥရောပကနေ မြန်မာပြည်ကို တိုက်ရိုက်လာမှာလား။","မဟုတ်ပါဘူး၊ သူက ထိုင်းနိုင်ငံ၊ ဘန်ကောက်ကို အရင်သွားပြီးမှ မြန်မာပြည်ကို လာဖို့ စီစဉ်ထားတာပါ။"
"တောင်ပေါ်သားရိုးရာပစ္စည်းရောင်းတဲ့သူတွေက အရင်ဈေးတွေမှာပဲ ဆက်ရောင်းနေတုန်းလား။","ဈေးအဆောက်အအုံကြီးတွေ ပြင်ဆင်နေရတဲ့အတွက် အချို့က ယာယီဆိုင်ခန်းတွေ ဒါမှမဟုတ် ပြခန်းအသေးလေးတွေမှာပဲ ပြောင်းရောင်းနေကြပါတယ်။"
"ငလျင်ပြီးနောက်ပိုင်း ရန်ကုန်မှာ တောင်ပေါ်သားရိုးရာပစ္စည်းတွေကို ဘယ်နေရာမှာ အကောင်းဆုံး ရှာနိုင်မလဲ။","ဗိုလ်ချုပ်ဈေးရဲ့ ပြန်ဖွင့်ထားတဲ့ အောက်ထပ်ဆိုင်ခန်းတွေနဲ့ ဟိုတယ်တွေမှာရှိတဲ့ ပြခန်းတွေမှာ အကောင်းဆုံး ရှာဖွေနိုင်ပါတယ်။"
"ငလျင်ကြောင့် ပေါ်ထွက်လာတဲ့ ရှေးဟောင်းပစ္စည်းတွေကို ဝယ်လို့ရမလား။","မရပါဘူး၊ ငလျင်ကြောင့် ပေါ်လာတဲ့ ရှေးဟောင်းပစ္စည်းတွေကို ဝယ်ယူတာက ဥပဒေနဲ့ မလွတ်ကင်းနိုင်သလို နိုင်ငံတော်အမွေအနှစ်အဖြစ် သတ်မှတ်ထားလို့ပါ။"
"မြန်မာပြည်အလယ်ပိုင်း တောင်ပေါ်ဒေသတွေကို သွားတဲ့လမ်းတွေက သွားလို့ အဆင်ပြေရဲ့လား။","လမ်းအတော်များများ ပြင်နေရဆဲဖြစ်လို့ မန္တလေးလို မြို့ကြီးတွေကို လေယာဉ်နဲ့သွားပြီးမှ အဲ့ဒီကတစ်ဆင့် ဒေသတွင်းယာဉ်တွေနဲ့ သွားတာက ပိုစိတ်ချရပါတယ်။"
"ယာယီဈေးတွေမှာ ပစ္စည်းဝယ်ရင် ငွေကို ဘယ်လိုပေးချေရမလဲ။","ဒေသတွင်း အင်တာနက်နဲ့ ဘဏ်စနစ် အားနည်းနေနိုင်တာကြောင့် ဒေါ်လာ သို့မဟုတ် ကျပ်ငွေသားနဲ့ ပေးချေဖို့ အထူးလိုအပ်ပါတယ်။"
"မြန်မာပြည်သူတွေရဲ့ ဧည့်သည်အပေါ် ထားရှိတဲ့ စိတ်နေစိတ်ထားက ဘယ်လိုရှိသလဲ။","မြန်မာလူမျိုးတွေဟာ ဖော်ရွေတယ်၊ ကူညီတတ်တယ်၊ ယဉ်ကျေးပျူငှာတယ်ဆိုပြီး နာမည်ကျော်ပါတယ်။"
"မြန်မာပြည်ကို လာလည်တဲ့အခါ ဘယ်လိုစိတ်ထားမျိုး ထားရှိသင့်သလဲ။","ဒေသအနှံ့ လေ့လာလိုစိတ်နဲ့ ဒေသခံတွေရဲ့ ဘဝထဲမှာ ပါဝင်လိုစိတ်မျိုး ထားရှိသင့်ပါတယ်။"
"ခရီးစဉ်အတွင်းမှာ ဘာကြောင့် စိတ်ကို ပွင့်လင်းစွာ ထားသင့်သလဲ။","မတူကွဲပြားတဲ့ ယဉ်ကျေးမှုနဲ့ ဓလေ့ထုံးတမ်းတွေကို ပိုမိုနားလည်နိုင်ဖို့နဲ့ ယဉ်ကျေးမှု ကွာဟချက်ကို လျှော့ချနိုင်ဖို့ ဖြစ်ပါတယ်။"
"ဒေသခံတွေနဲ့ တွေ့ဆုံတဲ့အခါ ဘယ်လို ဆက်ဆံသင့်သလဲ။","မတူကွဲပြားမှုကို လေးစားပြီး ရိုသေပျူငှာတဲ့ နည်းလမ်းနဲ့ ဆက်ဆံပြောဆိုသင့်ပါတယ်။"
"မြန်မာနိုင်ငံရဲ့ ဓလေ့တွေကို မသိတဲ့အခါ ဘယ်လို လိုက်နာရမလဲ။","""ရောက်ရာအရပ်က ဓလေ့ကို လိုက်နာပါ"" ဆိုတဲ့အတိုင်း ဒေသခံတွေ လုပ်ဆောင်သလို လိုက်နာတာက အကောင်းဆုံးပါ။"
"လူအများရှေ့မှာ ချစ်ခြင်း သို့မဟုတ် ဒေါသဖြစ်ခြင်းကို အလွန်အမင်း ပြသလို့ ရပါသလား။","မရပါဘူး၊ စိတ်လှုပ်ရှားမှုကို လူရှေ့သူရှေ့မှာ အလွန်အကျွံ ပြသတာကို မြန်မာလူမျိုးတွေက သဘောမကျကြပါဘူး။"
"မြန်မာအိမ်ထဲကို ဝင်တဲ့အခါ အထူးသတိထားရမယ့် ဓလေ့က ဘာလဲ။","အိမ်ထဲမဝင်ခင် ဖိနပ်ချွတ်တာက အိမ်ရှင်ကို လေးစားမှုပြတဲ့ မြန်မာ့ရိုးရာ ဓလေ့တစ်ခု ဖြစ်ပါတယ်။"
"မြန်မာလူမျိုးတွေက ပွဲလမ်းသဘင်တွေကို ဘယ်လို သဘောထားကြသလဲ။","မြန်မာပြည်သူတွေဟာ ပွဲလမ်းသဘင်တွေနဲ့ အခမ်းအနားတွေကို အလွန်အမင်း နှစ်သက်မြတ်နိုးကြပါတယ်။"
"ခရီးသွားတွေအနေနဲ့ ဘယ်လိုပွဲတော်မျိုးတွေမှာ ပါဝင်ဆင်နွှဲသင့်သလဲ။","သင်္ကြန်ပွဲတော်၊ သီတင်းကျွတ်မီးထွန်းပွဲတော် ဒါမှမဟုတ် ကရင်နှစ်သစ်ကူးပွဲတော်တွေမှာ ပါဝင်သင့်ပါတယ်။"
"လမ်းပြတွေ ဒါမှမဟုတ် အိမ်ရှင်တွေရဲ့ နာမည်ကို မှတ်ထားဖို့ လိုပါသလား။","လိုပါတယ်၊ သူတို့ရဲ့ နာမည်နဲ့ ဒေသစကား အချို့ကို သင်ယူတာက ပိုမိုနွေးထွေးတဲ့ ဆက်ဆံရေးကို ဖြစ်စေပါတယ်။"
"မြန်မာနိုင်ငံမှာ ကိုယ်အမူအရာ (Body Language) က အရေးကြီးပါသလား။","ဟုတ်ပါတယ်၊ ကိုယ်အမူအရာက စကားမပြောဘဲနဲ့ လေးစားမှုကို ပြသရာမှာ အလွန်အရေးပါပါတယ်။"
"မိမိကို ဧည့်ခံတဲ့ အိမ်ရှင်ကို ဘယ်လို ဆက်ဆံသင့်သလဲ။","မိမိအိမ်မှာ ဧည့်သည်ကို ဆက်ဆံသလိုမျိုးပဲ အိမ်ရှင်ကိုလည်း အလေးအနက်ထား ဆက်ဆံရပါမယ်။"
"မြန်မာစကား အနည်းငယ် ပြောဖို့ ကြိုးစားရင် ဒေသခံတွေက ဘယ်လို မြင်မလဲ။","မိမိတို့ရဲ့ ဘာသာစကားကို သင်ယူဖို့ ကြိုးစားတဲ့ ဧည့်သည်တွေကို မြင်ရင် သူတို့က အလွန်ဝမ်းသာကြပါတယ်။"
"မြန်မာနိုင်ငံမှာ မြန်မာစကား တစ်မျိုးတည်းပဲ ရှိတာလား။","မြန်မာစကားက ရုံးသုံးဘာသာစကား ဖြစ်ပေမဲ့ အခြားသော တိုင်းရင်းသားစကားပေါင်း ရာနဲ့ချီ ရှိပါတယ်။"
"ကိုယ်ရောက်နေတဲ့အချိန်မှာ ဘာပွဲတော်ရှိလဲဆိုတာကို ဘယ်လို သိနိုင်မလဲ။","ဟိုတယ်ဝန်ထမ်းတွေ ဒါမှမဟုတ် ခရီးသွားလမ်းပြတွေကို ပွဲတော်ရက်စွဲတွေ မေးမြန်းနိုင်ပါတယ်။"
"""ယဉ်ကျေးမှု ဖလှယ်ခြင်း"" က ခရီးသွားတွေအတွက် ဘာကြောင့် ကောင်းသလဲ။","တစ်ဦးနဲ့တစ်ဦး လေးစားမှု တိုးစေပြီး ခရီးစဉ်ကို ပိုမို အဓိပ္ပာယ်ရှိစေလို့ ဖြစ်ပါတယ်။"
"မြန်မာနိုင်ငံမှာ ဘာကြောင့် ""မတူကွဲပြားမှုကို လေးစားပါ"" လို့ အမြဲပြောနေကြတာလဲ။","မြန်မာနိုင်ငံမှာ မတူညီတဲ့ ရိုးရာနဲ့ ယဉ်ကျေးမှုရှိတဲ့ တိုင်းရင်းသားပေါင်းစုံ စုပေါင်းနေထိုင်လို့ ဖြစ်ပါတယ်။"
"ဒေသတွင်း ရိုးရာပွဲတွေမှာ ပါဝင်ဆင်နွှဲသင့်ပါသလား။","ပါဝင်သင့်ပါတယ်၊ ဒါဟာ ယဉ်ကျေးမှုချင်း နီးစပ်သွားစေမယ့် အကောင်းဆုံးနည်းလမ်းပါ။"
"လူကြားထဲမှာ စိတ်ဆိုးမာန်ဆိုး အော်ဟစ်တာကို မြန်မာလူမျိုးတွေက ဘယ်လို မြင်သလဲ။","တည်ငြိမ်အေးဆေးစွာ နေထိုင်တာကိုပဲ ယဉ်ကျေးမှုရှိတယ်လို့ သတ်မှတ်ကြပြီး ဒေါသထွက်တာကိုတော့ သဘောမကျကြပါဘူး။"
"အိမ်ရှင်ကို မရည်ရွယ်ဘဲ စိတ်အနှောင့်အယှက် မဖြစ်စေဖို့ အလွယ်ဆုံးနည်းလမ်းက ဘာလဲ။","ဘေးပတ်ဝန်းကျင်က ဒေသခံတွေ ဘယ်လိုနေထိုင်ပြုမူသလဲဆိုတာကို ကြည့်ပြီး လိုက်လုပ်တာက အကောင်းဆုံးပါ။"
"မြန်မာနိုင်ငံမှာ တစ်ဖက်လူရဲ့ ဦးခေါင်းကို ကိုင်တွယ်တာကို ဘာကြောင့် ရိုင်းတယ်လို့ သတ်မှတ်ကြတာလဲ။","ဦးခေါင်းဟာ ခန္ဓာကိုယ်မှာ အမြတ်နိုးဆုံးအပိုင်း ဖြစ်လို့ ကလေးတွေကိုတောင် ကိုင်တာဟာ ရန်လိုတဲ့အမူအရာလို့ မြင်နိုင်ပါတယ်။"
"ခေါင်းအုံးကို အသုံးပြုရာမှာ ဘယ်လို ဓလေ့ထုံးတမ်း ရှိသလဲ။","ခေါင်းအုံးဟာ ခေါင်းအောက်မှာထားဖို့ပဲ ဖြစ်ပြီး အပေါ်မှာ ထိုင်တာမျိုး လုံးဝမလုပ်ရပါဘူး။"
"ခြေထောက်နဲ့ ပတ်သက်ပြီး မြန်မာနိုင်ငံမှာ ဘာကို အထူးသတိထားရမလဲ။","ခြေထောက်နဲ့ တစ်ခုခုကို ညွှန်ပြတာဟာ အလွန် ရိုင်းပျစော်ကားတဲ့ အပြုအမူ ဖြစ်ပါတယ်။"
"လူကြားထဲမှာ ထိုင်တဲ့အခါ ဘယ်လိုပုံစံနဲ့ ထိုင်သင့်သလဲ။","ခြေထောက်တွေကို အရှေ့ကို ဆန့်မထားဘဲ သေချာ သိမ်းဆည်းပြီး ထိုင်သင့်ပါတယ်။"
"ခြေထောက်ကို ဘယ်ဘက်ကို ဦးတည်ပြီး မထားသင့်ဘူးလဲ။","မိသားစု ဘုရားစင် ဒါမှမဟုတ် ဗုဒ္ဓဆင်းတုတော်တွေရှိရာဘက်ကို ခြေထောက်နဲ့ မျက်နှာမမူမိဖို့ အရေးကြီးပါတယ်။"
"အိမ်ရှင်ထံက ပစ္စည်းတစ်ခုခုကို ပေးရင်ဖြစ်စေ၊ ယူရင်ဖြစ်စေ ဘယ်လို လုပ်ရမလဲ။","ညာဘက်လက်နဲ့ ပေး/ယူ လုပ်ပြီး ဘယ်ဘက်လက်ကတော့ ညာဘက်လက်ဖျံကို ထိန်းကိုင်ထားရပါမယ်။"
"ပစ္စည်းပေးယူတဲ့အခါ လက်နှစ်ဖက်သုံးတဲ့ အမူအရာက ဘာကို ဆိုလိုတာလဲ။","ဒါဟာ အိမ်ရှင်အပေါ် လေးစားမှုနဲ့ ယဉ်ကျေးမှုကို ဖော်ပြတဲ့ ရိုးရာအပြုအမူတစ်ခု ဖြစ်ပါတယ်။"
"ခရီးသွားတွေအနေနဲ့ သွားလာရာမှာ ခရီးသွားလာခွင့် ကန့်သတ်ချက်တွေကို ကြည့်ဖို့ လိုပါသလား။","လိုပါတယ်၊ မိမိရဲ့ ဘေးကင်းလုံခြုံရေးအတွက် ကန့်သတ်ထားတဲ့ ဒေသတွေကို ရှောင်ရှားနိုင်ဖို့ အမြဲ စစ်ဆေးသင့်ပါတယ်။"
"လျှပ်စစ်မီး ပျက်သွားတဲ့အခါ ခရီးသွားတစ်ယောက်အနေနဲ့ ဘယ်လို တုံ့ပြန်သင့်သလဲ။","စိတ်ရှည်သည်းခံပြီး လမ်းလျှောက်ထွက်တာ ဒါမှမဟုတ် စာအုပ်ဖတ်တာမျိုးလုပ်ရင်း အေးအေးဆေးဆေး စောင့်ဆိုင်းသင့်ပါတယ်။"
"မီးပျက်တာက နိုင်ငံခြားသားတွေပဲ ကြုံရတဲ့ အခက်အခဲလား။","မဟုတ်ပါဘူး၊ အားလုံးက ဒီအခြေအနေကို အတူတူကြုံနေရတာဖြစ်ပြီး မီးပြန်လာတဲ့အခါ အားလုံးက ဝမ်းသာအားရ အော်ဟစ်လေ့ရှိပါတယ်။"
"ပြုံးပြခြင်းက ဒေသခံတွေနဲ့ ဆက်သွယ်ရာမှာ အထောက်အကူ ဖြစ်ပါသလား။","ဖြစ်ပါတယ်၊ အပြုံးက စကားပြောဆိုဖို့ အားပေးသလို ဒေသခံတွေရဲ့ ဘဝအကြောင်း လေ့လာဖို့လည်း လမ်းစ ဖြစ်စေပါတယ်။"
"ဒေသခံ ခရီးသွားလမ်းပြကို ငှားရမ်းတာက ဘာကြောင့် ကောင်းတာလဲ။","လမ်းပြတွေက ဒေသရဲ့ ယဉ်ကျေးမှု၊ ပထဝီဝင်နဲ့ သမိုင်းကြောင်းတွေကို အသေးစိတ် ရှင်းပြပေးနိုင်လို့ ဖြစ်ပါတယ်။"
"မြန်မာ့ဈေးတွေမှာ ဈေးဆစ်တာက ရိုင်းရာကျပါသလား။","ဈေးဆစ်လို့ ရပါတယ်၊ ဒါပေမဲ့ သင့်တင့်မျှတပြီး ယဉ်ကျေးတဲ့ ဈေးနှုန်းမျိုးပဲ ဖြစ်သင့်ပါတယ်။"
"စားသောက်ဆိုင်တွေမှာ ဝန်ဆောင်ခ (Tip) ပေးဖို့ လိုပါသလား။","Tip ပေးဖို့ မမျှော်လင့်ထားပေမဲ့ ဝန်ဆောင်မှုကောင်းရင်တော့ ပေးတာကို ဝမ်းသာအားရ လက်ခံကြပါတယ်။"
"ခရီးစဉ်အတွင်းမှာ ဗဟုသုတတွေ ဘယ်လို ရှာဖွေနိုင်မလဲ။","ဒေသခံတွေနဲ့ စကားပြောတာ၊ ထုံးတမ်းစဉ်လာတွေကို မေးမြန်းတာတွေကနေတစ်ဆင့် ကိုယ့်ကိုယ်ကိုယ် ပညာပေးနိုင်ပါတယ်။"
"မီးပျက်တဲ့အချိန်အတွက် ဘာတွေ ပြင်ဆင်ထားသင့်သလဲ။","စာအုပ်တစ်အုပ် ဆောင်ထားတာ ဒါမှမဟုတ် အပြင်ထွက်ပြီး လေညှင်းခံ အပန်းဖြေဖို့ စိတ်ကူးထားတာမျိုးက အကောင်းဆုံးပါ။"
"စာအုပ်တစ်အုပ် ဆောင်ထားတာ ဒါမှမဟုတ် အပြင်ထွက်ပြီး လေညှင်းခံ အပန်းဖြေဖို့ စိတ်ကူးထားတာမျိုးက အကောင်းဆုံးပါ။","ခရီးသွားတွေရဲ့ ပုဂ္ဂိုလ်ရေး လုံခြုံရေးအတွက် အာဏာပိုင်တွေက တားမြစ်ထားတာ ဖြစ်လို့ပါ။"
"လက်ဆောင်ပေးတဲ့အခါ ဘယ်လက်ကို သုံးတာက ပိုယဉ်ကျေးသလဲ။","ညာလက်ကို အဓိက သုံးရမှာဖြစ်ပြီး ဘယ်လက်ကတော့ လေးစားမှုပြတဲ့အနေနဲ့ ညာလက်ကို ထိန်းကိုင်ပေးရပါမယ်။"
"လျှပ်စစ်မီး ပြတ်တောက်မှုအပေါ် ဒေသခံတွေရဲ့ သဘောထားကနေ ဘာသင်ယူနိုင်မလဲ။","အခက်အခဲတွေကို အတူတူ စိတ်ရှည်လက်ရှည်နဲ့ ကျော်ဖြတ်တတ်တဲ့ လူမှုအသိုင်းအဝိုင်းရဲ့ စိတ်ဓာတ်ကို မြင်နိုင်ပါတယ်။"
"မြန်မာပြည်သူတွေနဲ့ ပိုမိုကောင်းမွန်တဲ့ ဆက်ဆံရေးရဖို့ အကောင်းဆုံးနည်းလမ်းက ဘာလဲ။","ပြုံးပြပါ၊ စကားပြောပါ၊ သူတို့ရဲ့ နေ့စဉ်ဘဝအပေါ် စိတ်ဝင်တစားနဲ့ မေးမြန်းတာက အထိရောက်ဆုံး ဖြစ်ပါတယ်။"
"မြန်မာအမျိုးသမီးတွေနဲ့ ရင်းနှီးအောင် ဘယ်လိုစတင် ထိတွေ့ဆက်ဆံလို့ ရမလဲ။","သနပ်ခါး ဘယ်လိုသွေးရသလဲဆိုတာ မေးမြန်းတာ ဒါမှမဟုတ် သနပ်ခါးလိမ်းပေးဖို့ တောင်းဆိုတာမျိုး လုပ်နိုင်ပါတယ်။"
"သနပ်ခါးဆိုတာ ဘာလဲ၊ ဘာအတွက် သုံးတာလဲ။","သနပ်ခါးဆိုတာ သစ်ခေါက်ကနေရတဲ့ သဘာဝအနှစ်ဖြစ်ပြီး အသားအရေကို အေးမြစေကာ နေလောင်ဒဏ်ကနေ ကာကွယ်ပေးပါတယ်။"
"လမ်းညွှန်စာအုပ်တွေ ဖတ်မယ့်အစား လိုင်စင်ရလမ်းပြတစ်ယောက်ကို ဘာကြောင့် ငှားသင့်တာလဲ။","ဒေသခံလမ်းပြတွေက ဖုန်း ဒါမှမဟုတ် စာအုပ်တွေမှာ မပါနိုင်တဲ့ နက်နဲတဲ့ ဗဟုသုတတွေကို သိရှိလို့ ဖြစ်ပါတယ်။"
"မြန်မာ့ယဉ်ကျေးမှုမှာ ဈေးဆစ်တာက ရိုင်းရာကျပါသလား။","မဟုတ်ပါဘူး၊ ဈေးဆစ်တာက မြန်မာ့ယဉ်ကျေးမှုရဲ့ အစိတ်အပိုင်းတစ်ခုဖြစ်ပြီး လေးစားမှုရှိရှိ လုပ်ဆောင်နိုင်ပါတယ်။"
"အရောင်းအဝယ်လုပ်တဲ့အခါ ဈေးဆစ်ရခြင်းရဲ့ အဓိက ရည်ရွယ်ချက်က ဘာလဲ။","ရောင်းသူရော ဝယ်သူပါ မျက်နှာမပျက်စေဘဲ နှစ်ဦးနှစ်ဖက် သင့်တင့်မျှတတဲ့ ဈေးနှုန်းရရှိဖို့ ဖြစ်ပါတယ်။"
"မြန်မာနိုင်ငံမှာ ဝန်ဆောင်ခ (Tip) ပေးဖို့ ဥပဒေအရ လိုအပ်ပါသလား။","Tip ပေးဖို့ မမျှော်လင့်ထားပေမဲ့ ဝန်ဆောင်မှုကောင်းရင်တော့ ပေးတာကို ဝမ်းသာအားရ လက်ခံကြပါတယ်။"
"ရှေးဟောင်းပစ္စည်းတွေကို ယူဆောင်သွားတာက ဘာကြောင့် အန္တရာယ်ရှိသလဲ။","ဒါဟာ ဒေသတွင်း ယဉ်ကျေးမှုကို ထိခိုက်စေသလို နိုင်ငံရဲ့ သမိုင်းဝင် အမွေအနှစ်တွေကို ဆုံးရှုံးစေလို့ ဖြစ်ပါတယ်။"
"ရှေးဟောင်းပစ္စည်းတစ်ခုကို လက်ဆောင်အဖြစ် ပေးလာရင် လက်ခံသင့်သလား။","ကာကွယ်ထားတဲ့ ရှေးဟောင်းသုတေသနပစ္စည်းတွေကို လက်ဆောင်အဖြစ်ဖြစ်စေ၊ ဝယ်ယူတာဖြစ်စေ လုံးဝ မပြုလုပ်သင့်ပါဘူး။"
"နေဝင်ချိန်ကြည့်ဖို့ ဘုရားဟောင်းတွေအပေါ် တက်လို့ရပါသလား။","ပျက်စီးလွယ်တဲ့ အဆောက်အအုံဟောင်းတွေအပေါ် တက်ရောက်တာမျိုး လုံးဝ မပြုလုပ်သင့်ပါဘူး။"
"ဘာသာရေးအရ အရေးပါတဲ့နေရာတွေကို မဝင်ခင် ဘာလုပ်ရမလဲ။","မဝင်ရောက်ခင် ခွင့်ပြုချက်တောင်းခံရမှာဖြစ်သလို အလေးအနက်ထား လေးစားမှုပြသဖို့ လိုအပ်ပါတယ်။"
"ဘာသာရေးဆိုင်ရာ နေရာတွေကို သွားတဲ့အခါ ဝတ်စားဆင်ယင်မှုအတွက် စည်းကမ်းရှိပါသလား။","ဟုတ်ကဲ့၊ မြန်မာနိုင်ငံရှိ ဘာသာရေးဆိုင်ရာ နေရာတွေမှာ တင်းကျပ်တဲ့ ဝတ်စားဆင်ယင်မှု စည်းကမ်းတွေ ရှိပါတယ်။"
"မြန်မာ့သာသနာရေးဆိုင်ရာ အမွေအနှစ်တွေကို ခရီးသွားတစ်ယောက်အနေနဲ့ ဘယ်လို ကူညီထိန်းသိမ်းနိုင်မလဲ။","စည်းကမ်းတွေကို လိုက်နာတာ၊ ရှေးဟောင်းပစ္စည်းတွေကို မဝယ်ယူတာတွေနဲ့ ကူညီနိုင်ပါတယ်။"
"ခရီးစဉ်တစ်ခုကို အပြည့်အဝ ခံစားနိုင်ဖို့ အကောင်းဆုံးနည်းလမ်းက ဘာလဲ။","ဖုန်းကို ခဏချထားပြီး ဒေသခံလမ်းပြတစ်ယောက်နဲ့ တိုက်ရိုက်ထိတွေ့ ပြောဆိုတာက အကောင်းဆုံးပါ။"
"သနပ်ခါးက အသားအရေအတွက် ဘယ်လို အကျိုးကျေးဇူးရှိသလဲ။","အေးမြစေတဲ့အပြင် အပူပိုင်းဒေသရဲ့ ပြင်းထန်တဲ့ နေရောင်ခြည်ကနေ ကာကွယ်ပေးတဲ့ သဘာဝ နေကာခရင်မ် ဖြစ်ပါတယ်။"
"ဈေးဆစ်တဲ့အခါ ဘယ်လို အမူအရာမျိုး ရှိသင့်သလဲ။","သင့်တင့်မျှတပြီး ယဉ်ကျေးပျူငှာတဲ့ ပုံစံမျိုး ရှိရပါမယ်။"
"ရှေးဟောင်းပစ္စည်းတွေကို အမှတ်တရဝယ်တာက ဥပဒေနဲ့ ငြိစွန်းနိုင်သလား။","ဟုတ်ပါတယ်၊ တားမြစ်ထားတဲ့ ရှေးဟောင်းပစ္စည်းဝယ်ယူတာဟာ တရားမဝင်သလို ယဉ်ကျေးမှု ဖျက်ဆီးရာလည်း ရောက်ပါတယ်။"
"ဘုရားဟောင်းတွေကို ဘာကြောင့် ""ပျက်စီးလွယ်တယ်"" လို့ ပြောတာလဲ။","နှစ်ပေါင်းရာနဲ့ချီ ကြာနေပြီဖြစ်လို့ လူတွေ တက်ရောက်တဲ့အခါ အလွယ်တကူ ပြိုကျပျက်စီးနိုင်လို့ ဖြစ်ပါတယ်။"
"သနပ်ခါးအကြောင်းကို လက်တွေ့လေ့လာလို့ ရပါသလား။","ဒေသခံအများစုက သူတို့ရဲ့ ရိုးရာကို ဝမ်းသာအားရ မျှဝေတတ်ကြပြီး ကျောက်ပြင်ပေါ်မှာ သနပ်ခါးသွေးနည်းကို သင်ပေးပါလိမ့်မယ်။"
"ဝန်ဆောင်မှုကောင်းရင် Tip ပေးဖို့ လိုသလား။","အကယ်၍ သင်က ဝန်ဆောင်မှုကို စိတ်ကျေနပ်တယ်ဆိုရင် ကျေးဇူးတင်တဲ့အနေနဲ့ Tip ပေးတာကို လှိုက်လှိုက်လှဲလှဲ လက်ခံကြပါတယ်။"
"ရှေးဟောင်းနေရာတိုင်းမှာ ခွင့်ပြုချက်တောင်းဖို့ လိုပါသလား။","ဟုတ်ပါတယ်၊ တာဝန်သိတဲ့ ခရီးသွားတစ်ယောက်အနေနဲ့ ဒေသတွင်း သတ်မှတ်ချက်တွေကို လေးစားလိုက်နာဖို့ လိုအပ်ပါတယ်။"
"ရှေးဟောင်းပစ္စည်းတွေကို ပြည်ပကို ယူဆောင်သွားတာက ဘာကြောင့် ဆိုးကျိုးရှိသလဲ။","ရှေးဟောင်းပစ္စည်းတစ်ခု အပြင်ရောက်သွားတိုင်း နိုင်ငံရဲ့ အစားထိုးမရတဲ့ ယဉ်ကျေးမှုအမွေအနှစ်တစ်ခု ဆုံးရှုံးသွားလို့ ဖြစ်ပါတယ်။"
"ဘုရားတွေမှာ နေဝင်ချိန်ကြည့်တဲ့အခါ ဘာကို ရှောင်ကြဉ်ရမလဲ။","နေရာကောင်းရဖို့အတွက် ပျက်စီးလွယ်တဲ့ ရှေးဟောင်းအဆောက်အအုံတွေပေါ် တက်တာမျိုး လုံးဝ မလုပ်ရပါဘူး။"
"ကျေးရွာတွေမှာ ခရီးသွားတွေ သတိထားရမယ့် တားမြစ်ချက်တွေ ရှိပါသလား။","ဟုတ်ကဲ့၊ ရွာတိုင်းလိုလိုမှာ မကိုင်ရ၊ မနင်းရ၊ မထိုင်ရဆိုတဲ့ အထွတ်အမြတ်ထားတဲ့ ပစ္စည်းနဲ့ နေရာတွေ ရှိတတ်ပါတယ်။"
"ဘုရား ဒါမှမဟုတ် ဘုန်းကြီးကျောင်းထဲဝင်ရင် ဘယ်လို ဝတ်စားရမလဲ။","ပုခုံးနဲ့ ဒူးကို ဖုံးအုပ်ထားရမယ့်အပြင် ဖိနပ်နဲ့ ခြေအိတ်တွေကိုပါ ချွတ်ရပါမယ်။"
"""တာဝန်သိသိ ဓာတ်ပုံရိုက်ခြင်း"" ဆိုတာ ဘာကို ဆိုလိုတာလဲ။","ဒေသခံတွေ၊ သူတို့ရဲ့အိမ်တွေနဲ့ အခမ်းအနားတွေကို ဓာတ်ပုံမရိုက်ခင် အမြဲတမ်း ခွင့်ပြုချက်တောင်းတာကို ဆိုလိုပါတယ်။"
"ဒေသခံတွေကို အမှတ်တရဓာတ်ပုံရိုက်ဖို့ သက်မဲ့ရုပ်ဝတ္ထုတွေလို သဘောထားလို့ ရပါသလား။","မရပါဘူး၊ သူတို့ကို လူသားတစ်ယောက်လို လေးစားရမှာဖြစ်ပြီး ဓာတ်ပုံရိုက်စရာ ပစ္စည်းတစ်ခုလို မဆက်ဆံသင့်ပါဘူး။"
"ရှေးဟောင်းပစ္စည်းတွေကို အမှတ်တရပစ္စည်းအဖြစ် ဝယ်လို့ရမလား။","မရပါဘူး၊ ကာကွယ်ထားတဲ့ ရှေးဟောင်းသုတေသနပစ္စည်းတွေကို ဝယ်ယူတာဟာ ဒေသယဉ်ကျေးမှုကို ခြိမ်းခြောက်ရာ ရောက်ပါတယ်။"
"ဘာသာရေးအရ အရေးပါတဲ့နေရာတွေမှာ ဘယ်လို ပြုမူရမလဲ။","ယဉ်ကျေးမှုအရ ထိရှလွယ်တဲ့နေရာတွေကို မဝင်ခင်မှာ ခွင့်ပြုချက်တောင်းခံပြီး အလေးအနက် လေးစားမှုပြရပါမယ်။"
"မြန်မာနိုင်ငံမှာ လိင်ပိုင်းဆိုင်ရာ ခေါင်းပုံဖြတ်မှုအပေါ် ဥပဒေက ဘယ်လိုရှိသလဲ။","အသက်အရွယ်မရွေး လိင်ပိုင်းဆိုင်ရာ ခေါင်းပုံဖြတ်မှုဟာ မြန်မာ့ဥပဒေအရ ပြင်းပြင်းထန်ထန် တားမြစ်ထားတဲ့ ကိစ္စဖြစ်ပါတယ်။"
"ခရီးသွားစဉ်အတွင်း မူးယစ်ဆေးဝါး သုံးစွဲရင် ဘာဖြစ်မလဲ။","မြန်မာနိုင်ငံမှာ မူးယစ်ဆေးဝါး သုံးစွဲတာဟာ တရားမဝင်သလို ပြင်းထန်တဲ့ ပြစ်ဒဏ်တွေ ရရှိနိုင်ပါတယ်။"
"ဒေသတွင်း စီးပွားရေးကို ဘယ်လို ကူညီနိုင်မလဲ။","ဒေသထွက် အစားအစာ၊ ပစ္စည်းနဲ့ ဝန်ဆောင်မှုတွေကိုပဲ ရွေးချယ်ဝယ်ယူခြင်းဖြင့် ကူညီနိုင်ပါတယ်။"
"ကလေးတွေကို လက်ဆောင် ဒါမှမဟုတ် ပိုက်ဆံမပေးခင် ဘာကို စဉ်းစားရမလဲ။","""မပေးခင်မှာ အရင်စဉ်းစားပါ"" ဆိုတဲ့အတိုင်း ကလေးတွေအတွက် ဘေးကင်းတဲ့ ဧည့်သည်ဖြစ်ဖို့ အလေးထားရပါမယ်။"
"ဘာသာရေးနယ်မြေထဲဝင်ရင် ခြေအိတ်ချွတ်ဖို့ တကယ်ပဲ လိုသလား။","ဟုတ်ပါတယ်၊ လေးစားမှုပြတဲ့အနေနဲ့ ဖိနပ်ရော ခြေအိတ်ကိုပါ မပျက်မကွက် ချွတ်ရမှာ ဖြစ်ပါတယ်။"
"ဘုရားဟောင်းတွေကို ဘာကြောင့် ""ပျက်စီးလွယ်တယ်"" လို့ ပြောတာလဲ။","နှစ်ပေါင်းများစွာ ကြာနေပြီဖြစ်တဲ့အတွက် လူတွေ တက်လိုက်ရင် အလွယ်တကူ ပြိုကျပျက်စီးနိုင်လို့ ဖြစ်ပါတယ်။"
"ဒေသတွင်း အခမ်းအနားတစ်ခုကို ဓာတ်ပုံရိုက်ဖို့ အကောင်းဆုံးနည်းလမ်းက ဘာလဲ။","မရိုက်ခင်မှာ ပါဝင်သူတွေ ဒါမှမဟုတ် တာဝန်ရှိသူတွေကို ယဉ်ကျေးပျူငှာစွာ ခွင့်ပြုချက်တောင်းတာက အကောင်းဆုံးပါ။"
"ကျေးလက်ရွာတွေမှာ တွေ့တဲ့ ပစ္စည်းတိုင်းအပေါ် ထိုင်လို့ရပါသလား။","မရပါဘူး၊ အချို့ပစ္စည်းတွေက ဘာသာရေးအရ အရေးပါလို့ အပေါ်မှာ ထိုင်တာဟာ အလွန်ရိုင်းရာ ကျပါတယ်။"
"လက်ပြတ်အင်္ကျီနဲ့ ဘုန်းကြီးကျောင်းထဲ ဝင်လို့ရပါသလား။","မရပါဘူး၊ ဘာသာရေးနယ်မြေထဲမှာ ပုခုံးကို အမြဲတမ်း ဖုံးအုပ်ထားရမှာ ဖြစ်ပါတယ်။"
"မြန်မာ့ဥပဒေက အသက်အရွယ်မရွေး လိင်ပိုင်းဆိုင်ရာ ခေါင်းပုံဖြတ်မှုကို တားမြစ်တာလား။","ဟုတ်ပါတယ်၊ လူကြီးရော ကလေးပါ မည်သည့် လိင်ပိုင်းဆိုင်ရာ ခေါင်းပုံဖြတ်မှုကိုမဆို ဥပဒေက ပြင်းပြင်းထန်ထန် တားမြစ်ထားပါတယ်။"
"ဒေသထွက်ပစ္စည်းတွေကို ဝယ်ယူတာက လူထုအတွက် ဘယ်လို အကျိုးရှိသလဲ။","သင်သုံးလိုက်တဲ့ ပိုက်ဆံဟာ ဒေသခံ လက်မှုပညာရှင်တွေနဲ့ ပြည်သူတွေဆီ တိုက်ရိုက်ရောက်ရှိသွားစေပါတယ်။"
"ကလေးတစ်ယောက်ကို ဗီဒီယိုမရိုက်ခင် ခွင့်ပြုချက်တောင်းဖို့ လိုပါသလား။","လုံးဝလိုအပ်ပါတယ်။ ကလေးတွေရဲ့ လုံခြုံရေးနဲ့ ပုဂ္ဂိုလ်ရေးကို လေးစားတဲ့အနေနဲ့ မိဘခွင့်ပြုချက် ရယူရပါမယ်။"
"ခရီးသွားတွေအနေနဲ့ ဒေသခံကလေးငယ်တွေကို ဘယ်လို သဘောထားပြီး ဆက်ဆံသင့်သလဲ။","ကလေးတွေကို ခရီးသွားဆွဲဆောင်မှုတစ်ခုလို သဘောမထားဘဲ လူသားတစ်ယောက်အနေနဲ့ လေးလေးစားစား ဆက်ဆံသင့်ပါတယ်။"
"မိဘမဲ့ဂေဟာတွေကို သွားရောက်လည်ပတ်တာနဲ့ ပတ်သက်ပြီး ဘာကို သတိပေးထားသလဲ။","မိဘမဲ့ဂေဟာတွေကို မလည်ပတ်ခင်မှာ သေချာစဉ်းစားဖို့နဲ့ တခြား ပိုမိုထိရောက်တဲ့ ကူညီမှုတွေကို ရှာဖွေဖို့ တိုက်တွန်းထားပါတယ်။"
"အခက်အခဲရှိတဲ့ မိသားစုတွေကို တိုက်ရိုက်ပစ္စည်းပေးတာထက် ပိုကောင်းတဲ့ ကူညီနည်းက ဘာလဲ။","သက်မွေးဝမ်းကျောင်း သင်တန်းတွေနဲ့ လူထုအခြေပြု လုပ်ငန်းတွေကို ကူညီပေးတာက ပိုမိုထိရောက်တဲ့ နည်းလမ်းဖြစ်ပါတယ်။"
"ကလေးတွေကို ပိုက်ဆံ ဒါမှမဟုတ် လက်ဆောင် တိုက်ရိုက်ပေးတာကို ဘာကြောင့် မလုပ်သင့်တာလဲ။","ဒါဟာ ကလေးတွေကို ကျောင်းမသွားဘဲ တောင်းရမ်းတဲ့အလေ့အထ ဖြစ်စေပြီး ဆင်းရဲတွင်းက မထွက်နိုင်အောင် လုပ်သလို ဖြစ်စေလို့ပါ။"
"ခရီးသွားတွေက တစ်ဦးတစ်ယောက်ချင်းစီထက် ဘယ်သူတွေကို ပိုပြီး ကူညီသင့်သလဲ။","လမ်းပေါ်က တစ်ဦးတစ်ယောက်ချင်းစီကို ပေးတာထက် စနစ်တကျရှိတဲ့ လူမှုအသိုင်းအဝိုင်းတွေကိုပဲ လှူဒါန်းသင့်ပါတယ်။"
"မူးယစ်ဆေးဝါး သုံးစွဲမှုအပေါ် ဥပဒေနဲ့ လူမှုရေးအရ ဘယ်လို သတ်မှတ်ထားသလဲ။","မြန်မာနိုင်ငံမှာ မူးယစ်ဆေးဝါး သုံးစွဲတာဟာ တရားမဝင်သလို ခရီးသွားတွေအနေနဲ့လည်း စံပြဖြစ်အောင် နေထိုင်သင့်ပါတယ်။"
"အရက်ကို အလွန်အကျွံ သောက်စားတာကိုရော ဘယ်လို မြင်ကြသလဲ။","မလိုအပ်တဲ့ ပြဿနာတွေ မဖြစ်ရအောင်နဲ့ လေးစားမှုရှိအောင် အရက်ကို အလွန်အကျွံ မသောက်ဖို့ အကြံပြုထားပါတယ်။"
"ဒေသထွက်ပစ္စည်းတွေကို ဝယ်ယူတာက မြန်မာ့လူအသိုင်းအဝိုင်းအတွက် ဘယ်လို အကျိုးရှိသလဲ။","သင်သုံးလိုက်တဲ့ ပိုက်ဆံဟာ ဒေသခံမိသားစုတွေဆီ တိုက်ရိုက်ရောက်ရှိသွားပြီး သူတို့ရဲ့ စီးပွားရေးကို များစွာ အထောက်အကူပြုပါတယ်။"
"ဒေသထွက် အစားအစာနဲ့ ပစ္စည်းတွေကို ဘယ်လိုနေရာတွေမှာ ဝယ်ယူနိုင်မလဲ။","နေ့စဉ်ဖွင့်တဲ့ သားငါးဟင်းသီးဟင်းရွက်ဈေးတွေမှာ ဝယ်နိုင်သလို ဒေသခံတွေလုပ်တဲ့ လက်မှုပစ္စည်းတွေကိုလည်း ဝယ်ယူနိုင်ပါတယ်။"
"ဆံပင်ညှပ်တာလိုမျိုး ဝန်ဆောင်မှုလေးတွေက ဒေသတွင်း စီးပွားရေးကို ကူညီရာရောက်ပါသလား။","ရောက်ပါတယ်၊ ဆံပင်ညှပ်တာ ဒါမှမဟုတ် လမ်းဘေးဆိုင်က သတင်းစာဝယ်တာမျိုးကအစ ဆိုင်ငယ်လေးတွေကို ကူညီရာရောက်ပါတယ်။"
"ပတ်ဝန်းကျင်ကို မထိခိုက်စေဘဲ ခရီးသွားနိုင်မယ့် သယ်ယူပို့ဆောင်ရေး နည်းလမ်းတွေက ဘာတွေလဲ။","ဆိုက်ကား၊ မြင်းလှည်း၊ နွားလှည်း ဒါမှမဟုတ် စက်ဘီး စတဲ့ ရိုးရာယာဉ်တွေကို စမ်းသပ်စီးနင်းနိုင်ပါတယ်။"
"မြန်မာနိုင်ငံမှာ ရေကို ဘာကြောင့် ချွေတာသုံးစွဲဖို့ လိုအပ်တာလဲ။","ဒေသအတော်များများမှာ ရေဟာ ရှားပါးပြီး အဖိုးတန်တဲ့ အရင်းအမြစ်ဖြစ်လို့ အလဟဿ မဖြစ်အောင် သုံးရမှာပါ။"
"တောရိုင်းတိရစ္ဆာန်ထွက် ပစ္စည်းတွေနဲ့ ပတ်သက်ပြီး ဘယ်လို စည်းကမ်းရှိသလဲ။","တောရိုင်းတိရစ္ဆာန်တွေကို ကာကွယ်ဖို့အတွက် သူတို့နဲ့လုပ်ထားတဲ့ ဘယ်ပစ္စည်းကိုမဆို ဝယ်ယူဖို့ ငြင်းဆန်ရပါမယ်။"
"မြန်မာ့တောရိုင်းတိရစ္ဆာန်တွေကို ဘယ်လိုနေရာမှာ ကြည့်ရှုတာက အကောင်းဆုံးလဲ။","သူတို့ရဲ့ သဘာဝပတ်ဝန်းကျင်အတိုင်း လွတ်လပ်စွာ ရှိနေတဲ့နေရာမျိုးမှာပဲ ကြည့်ရှုခံစားသင့်ပါတယ်။"
"""Think Green"" (စိမ်းလန်းစွာ စဉ်းစားပါ) ဆိုတာ ခရီးသွားတစ်ယောက်အတွက် ဘာကို ဆိုလိုတာလဲ။","စွန့်ပစ်ပစ္စည်း လျှော့ချတာ၊ ရေချွေတာတာနဲ့ သဘာဝကို မထိခိုက်တဲ့ သယ်ယူပို့ဆောင်ရေးတွေကို ရွေးချယ်တာကို ဆိုလိုပါတယ်။"
"ခရီးသွားစဉ်အတွင်း အမှိုက်လျှော့ချဖို့ ဘယ်လို ကူညီနိုင်မလဲ။","ပစ္စည်းတွေကို အလွန်အကျွံ သုံးစွဲတာမျိုး ရှောင်ကြဉ်ပြီး တစ်ခါသုံးပစ္စည်းတွေ သုံးစွဲမှုကို လျှော့ချခြင်းဖြင့် ကူညီနိုင်ပါတယ်။"
"ရိုးရာလှည်းတွေကို စီးတာက ပြသဖို့သက်သက်ပဲလား။","မဟုတ်ပါဘူး၊ ဒါဟာ ဒေသခံယာဉ်မောင်းတွေကို ဝင်ငွေရစေသလို မီးခိုးငွေ့ကင်းစင်တဲ့ ခရီးသွားလာမှုလည်း ဖြစ်ပါတယ်။"
"လိင်ပိုင်းဆိုင်ရာ ခေါင်းပုံဖြတ်မှုအတွက် မြန်မာ့ဥပဒေက ဘယ်လို အရေးယူသလဲ။","မည်သည့် အသက်အရွယ်ကိုမဆို လိင်ပိုင်းဆိုင်ရာ ခေါင်းပုံဖြတ်တာဟာ မြန်မာ့ဥပဒေကို ပြင်းပြင်းထန်ထန် ချိုးဖောက်တာ ဖြစ်ပါတယ်။"
"ဒေသခံလူငယ်တွေအတွက် ခရီးသွားတစ်ယောက်က ဘယ်လို စံပြဖြစ်အောင် နေနိုင်သလဲ။","စည်းကမ်းရှိရှိ နေထိုင်တာ၊ ဥပဒေကို လေးစားတာနဲ့ မူးယစ်ဆေးဝါး ကင်းစင်အောင် နေထိုင်ခြင်းဖြင့် စံပြဖြစ်နိုင်ပါတယ်။"
"စက်ရုံထုတ် အမှတ်တရပစ္စည်းတွေထက် ဒေသခံ လက်မှုပစ္စည်းတွေကို ဘာကြောင့် ဝယ်သင့်တာလဲ။","ရိုးရာအတတ်ပညာတွေကို ထိန်းသိမ်းရာရောက်သလို အကျိုးအမြတ်ကလည်း ဒေသခံ လက်မှုပညာရှင်တွေဆီ တိုက်ရိုက်ရောက်လို့ ဖြစ်ပါတယ်။"
"ခရီးသွားစဉ်မှာ ပလတ်စတစ်အမှိုက် လျှော့ချဖို့ ဘာတွေလုပ်နိုင်သလဲ။","ကိုယ်ပိုင် ရေဘူးဆောင်သွားသင့်သလို ဈေးဝယ်တဲ့အခါ ပလတ်စတစ်အိတ်ကို ငြင်းဆန်သင့်ပါတယ်။"
"အမှိုက်ပုံးမရှိတဲ့နေရာရောက်ရင် အမှိုက်တွေကို ဘယ်လိုလုပ်ရမလဲ။","အမှိုက်ပုံးမတွေ့မချင်း အဲ့ဒီအမှိုက်ကို မိမိနဲ့အတူ သိမ်းဆည်းသယ်ဆောင်သွားရပါမယ်။"
"ဆိုက်ကား ဒါမှမဟုတ် မြင်းလှည်းစီးဖို့ ဘာကြောင့် တိုက်တွန်းတာလဲ။","ဒါတွေဟာ သဘာဝပတ်ဝန်းကျင်ကို မထိခိုက်စေသလို ဒေသခံယာဉ်မောင်းတွေကို တိုက်ရိုက်ဝင်ငွေရစေလို့ပါ။"
"ရန်ကုန်မြို့ရဲ့ ကားပိတ်ဆို့မှုကြားမှာ မြန်မြန်ဆန်ဆန် သွားနိုင်တဲ့နည်းက ဘာလဲ။","ဆိုက်ကားငှားစီးခြင်းက ကားပိတ်ဆို့မှုကြားထဲကနေ လျင်မြန်စွာ သွားလာနိုင်စေပါတယ်။"
"မြန်မာနိုင်ငံရဲ့ အမြင့်ဆုံးတံတားဖြစ်တဲ့ ဂုတ်ထိပ်တံတားကို ဘယ်မှာ ရထားစီးဖြတ်သန်းနိုင်မလဲ။","ပြင်ဦးလွင်မြို့မှာ ရထားစီးပြီး ခမ်းနားလှတဲ့ ဂုတ်ထိပ်တံတားကြီးကို ဖြတ်သန်းကြည့်ရှုနိုင်ပါတယ်။"
"မန္တလေးက ဦးပိန်တံတားသွားရာလမ်းမှာ ကျေးရွာတွေကို ဘယ်လို လေ့လာသင့်သလဲ။","စက်ဘီးစီးပြီးသွားတာက လမ်းဘေးဝဲယာက ကျေးရွာတွေနဲ့ ရှုခင်းတွေကို အကောင်းဆုံး လေ့လာနိုင်တဲ့နည်းပါ။"
"အင်းလေးကန်မှာ စက်လှေတွေအပြင် တခြား ဘယ်လိုလှေစီးလို့ ရသေးလဲ။","ပိုပြီး ငြိမ်သက်အေးချမ်းတဲ့ အတွေ့အကြုံရဖို့ လက်လှော်လှေ (Canoe) တွေကို ရှာဖွေစီးနင်းနိုင်ပါတယ်။"
"ဘားအံကို ဒေသန္တရဘတ်စ်ကားနဲ့ သွားရင် ဘာတွေ ကြုံရမလဲ။","ကားပေါ်မှာ ကာရာအိုကေဆိုတာ ဒါမှမဟုတ် မြန်မာဗီဒီယိုကားတွေ ကြည့်ရင်း ကျေးလက်ဘဝကို ခံစားရပါလိမ့်မယ်။"
"ပုဂံက ဘုရားပုထိုးတွေကို အပေါ်စီးကနေ ထူးထူးခြားခြား ဘယ်လို ကြည့်နိုင်မလဲ။","နေထွက်ချိန်မှာ မိုးပျံပူဖောင်းစီးပြီး ရှေးဟောင်းဘုရားတွေကို အပေါ်စီးကနေ ကြည့်ရှုနိုင်ပါတယ်။"
"အင်းတော်ကြီးကန်မှာ တောရိုင်းတိရစ္ဆာန်တွေကို မနှောင့်ယှက်ဘဲ ဘယ်လိုကြည့်ရမလဲ။","ကယပ်လှေ (Kayak) လှော်ပြီး သွားတာက တိရစ္ဆာန်တွေကို မခြောက်လှန့်ဘဲ အနီးကပ်ကြည့်နိုင်စေပါတယ်။"
"ရန်ကုန်ကနေ ဒလဘက်ကို ဘယ်လို ကူးရမလဲ။","ဒေသခံ ကူးတို့သင်္ဘော (Ferry) ကို စီးပြီး မြစ်တစ်ဖက်ကမ်းက ဘဝတွေကို သွားရောက်လေ့လာနိုင်ပါတယ်။"
"ရှမ်းပြည်နယ်ရဲ့ ကျေးလက်ရှုခင်းတွေကို လမ်းလျှောက်ချင်ရင် ဘယ်မြို့က အကောင်းဆုံးလဲ။","ကလောမြို့က ကျေးလက်တောင်တန်းတွေကြား လမ်းလျှောက်အပန်းဖြေဖို့ အသင့်တော်ဆုံးနေရာ ဖြစ်ပါတယ်။"
"အချို့ဒေသတွေမှာ ရေရရှိမှုကို ဘာကြောင့် ကြိုတင်မေးမြန်းသင့်သလဲ။","အချို့နေရာတွေမှာ ရေရှားပါးမှု ပြင်းထန်တတ်လို့ ခရီးသွားတွေရဲ့ သုံးစွဲမှုကြောင့် ဒေသခံတွေ ရေမပြတ်လပ်စေဖို့ပါ။"
"မျိုးသုဉ်းလုနီးပါး တိရစ္ဆာန်တွေနဲ့ လုပ်ထားတဲ့ ပစ္စည်းဝယ်ရင် ဘာဖြစ်မလဲ။","ဒါဟာ တရားမဝင် တောရိုင်းတိရစ္ဆာန် အရောင်းအဝယ်ကို အားပေးရာရောက်ပြီး သဘာဝပတ်ဝန်းကျင်ကို ပျက်စီးစေပါတယ်။"
"မျောက်တွေ ဒါမှမဟုတ် တောရိုင်းတိရစ္ဆာန်တွေနဲ့ တွေ့ရင် ဘာကို အဓိက လိုက်နာရမလဲ။","သင့်တင့်တဲ့ အကွာအဝေးကပဲ နေရမှာဖြစ်ပြီး အစာကျွေးတာမျိုး လုံးဝ မလုပ်ရပါဘူး။"
"တာဝန်သိခရီးသွားတစ်ယောက်က ဘယ်လို သဘာဝအခြေခံခရီးစဉ်မျိုးကို ရွေးချယ်သင့်သလဲ။","တိရစ္ဆာန်တွေနဲ့ သဘာဝတရားကို မနှောင့်ယှက်တဲ့ Eco-tours မျိုးကိုပဲ ရွေးချယ်သင့်ပါတယ်။"
"တိရစ္ဆာန်တွေအတွက် စောင့်ရှောက်မှုကောင်းတဲ့နေရာဆိုတာ ဘယ်လိုသိနိုင်မလဲ။","ကျွမ်းကျင်ပညာရှင်တွေ အမြဲတမ်းရှိပြီး တိရစ္ဆာန်တွေရဲ့ ကျန်းမာရေးကို ဦးစားပေးတဲ့နေရာမျိုးကို ရှာဖွေရပါမယ်။"
"ကျေးလက်ဒေသတွေမှာ အမှိုက်ပစ်ခဲ့လို့ ရပါသလား။","မရပါဘူး၊ အမှိုက်ကို စနစ်တကျ စွန့်ပစ်ခြင်းဖြင့် ဒေသခံတွေအတွက် စံပြဖြစ်အောင် နေထိုင်ရပါမယ်။"
"ဂုတ်ထိပ်တံတားကို ဖြတ်ဖို့ သီးသန့်ကား ငှားရမှာလား။","မဟုတ်ပါဘူး၊ ပြင်ဦးလွင်ကနေ ထွက်တဲ့ ပုံမှန်ရထားခရီးစဉ်မှာတင် ပါဝင်ပြီးသား ဖြစ်ပါတယ်။"
"မန္တလေးမှာ စက်ဘီးငှားလို့ ရပါသလား။","ရပါတယ်၊ ဦးပိန်တံတားဘက်ကို စက်ဘီးစီးပြီး သွားလည်ကြတဲ့ ခရီးသွားတွေ အများကြီး ရှိပါတယ်။"
"ပုဂံမှာ မိုးပျံပူဖောင်းကို ဘာကြောင့် နေထွက်ချိန်မှာပဲ စီးရတာလဲ။","နေထွက်ချိန်က အလင်းအမှောင် အလှဆုံးဖြစ်သလို ဘေးကင်းလုံခြုံစွာ ပျံသန်းဖို့ ရာသီဥတု အကောင်းဆုံးမို့ပါ။"
"ဆိုက်ကားက မြန်မာ့မြို့ပြသယ်ယူပို့ဆောင်ရေးမှာ ဘာကြောင့် ထူးခြားတာလဲ။","သူက စက်ဘီးဘေးမှာ လူစီးဖို့ တွဲထားတဲ့ သုံးဘီးစက်ဘီး အမျိုးအစားဖြစ်လို့ ထူးခြားနေတာပါ။"
"မြန်မာနိုင်ငံမှာ ရေရှားပါးမှုက တစ်နှစ်ပတ်လုံး ဖြစ်နေတာလား။","ဒေသအပေါ် မူတည်ပါတယ်၊ အချို့ဒေသတွေမှာ နွေရာသီမှာ ရေရှားပါးမှု အလွန်ပြင်းထန်တတ်ပါတယ်။"
"အင်းတော်ကြီးကန်မှာ စက်တပ်လှေမပါဘဲ တိရစ္ဆာန်တွေ ကြည့်လို့ရမလား။","ရပါတယ်၊ ကယပ်လှေလှော်သွားခြင်းက တိတ်ဆိတ်တဲ့အတွက် ငှက်တွေနဲ့ တိရစ္ဆာန်တွေကို ကြည့်ဖို့ အကောင်းဆုံးပါ။"
"ကလောမှာ တောင်တက်မယ်ဆိုရင် ဘာတွေ အဓိက ပါရမလဲ။","ကောင်းမွန်တဲ့ တောင်တက်ဖိနပ်နဲ့ ပြန်သုံးလို့ရတဲ့ ရေဘူးတစ်ဘူးကတော့ မရှိမဖြစ် လိုအပ်ပါတယ်။"
"မြန်မာနိုင်ငံမှာ ""Hello"" လို့ နှုတ်ဆက်ချင်ရင် အသုံးအများဆုံး စကားလုံးက ဘာလဲ။","ယဉ်ကျေးပျူငှာစွာ နှုတ်ဆက်ဖို့ ""မင်္ဂလာပါ"" လို့ ပြောရပါမယ်။"
"ပြန်ခါနီးမှာ ""Goodbye"" လို့ ဘယ်လို ပြောရမလဲ။","""သွားမယ်နော်"" ဆိုတဲ့ စကားစုကို သုံးနိုင်ပါတယ်။"
"တစ်ဖက်လူကို သတိထားမိအောင် လုပ်ချင်ရင် ဒါမှမဟုတ် တောင်းပန်ချင်ရင် ဘာပြောရမလဲ။","""ဆောရီးနော်"" လို့ ပြောရင် ""တစ်ဆိတ်လောက်"" ဒါမှမဟုတ် ""တောင်းပန်ပါတယ်"" လို့ အဓိပ္ပာယ်ရပါတယ်။"
"တစ်ဖက်လူရဲ့ နာမည်ကို မြန်မာလို ဘယ်လို မေးနိုင်သလဲ။","""နာမည် ဘယ်လိုခေါ်သလဲ"" လို့ မေးရပါမယ်။"
"တစ်ယောက်ယောက်က ""ကျေးဇူးတင်ပါတယ်"" လို့ ပြောလာရင် ဘယ်လို ပြန်ပြောရမလဲ။","""ရပါတယ်"" လို့ ပြန်ပြောနိုင်ပါတယ်။"
"တစ်ဖက်လူ နေကောင်း၊ မကောင်း ဘယ်လို မေးရမလဲ။","""နေကောင်းလား"" လို့ မေးနိုင်ပါတယ်။"
"တစ်ဖက်လူပြောတာကို နားမလည်ရင် ဘာပြောရမလဲ။","""နားမလည်ဘူး"" လို့ ပြောပြရပါမယ်။"
"အိမ်သာ ဘယ်မှာရှိလဲဆိုတာကို ဘယ်လို မေးရမလဲ။","""အိမ်သာ ဘယ်မှာလဲ"" လို့ မေးနိုင်ပါတယ်။"
"ဘဏ် (Bank) ကို မြန်မာလို ဘယ်လို ခေါ်သလဲ။","ဘဏ်ကို မြန်မာလို ""ဘဏ်တိုက်"" ဒါမှမဟုတ် ""ဘဏ်"" လို့ပဲ ခေါ်ပါတယ်။"
"စားသောက်ဆိုင်မှာ အကြံပေးချက်တောင်းချင်ရင် ဘယ်လို ပြောရမလဲ။","""တစ်ခုအကြံပေးနိုင်မလား"" လို့ ပြောပြီး မေးနိုင်ပါတယ်။"
"သက်သတ်လွတ်စားစရာရှိလားလို့ ဘယ်လို မေးရမလဲ။","""သက်သတ်လွတ် စားစရာရှိသလား"" လို့ မေးရပါမယ်။"
"စားပြီးလို့ ပိုက်ဆံရှင်းမယ်ဆိုရင် ဘာပြောရမလဲ။","""ဘောက်ချာ"" လို့ ပြောပြီး ပိုက်ဆံရှင်းခိုင်းနိုင်ပါတယ်။"
"အရေးပေါ်အခြေအနေမှာ ဆရာဝန်ခေါ်ပေးဖို့ ဘယ်လို ပြောရမလဲ။","""ဆရာဝန် ခေါ်ပေးပါ"" လို့ ပြောရပါမယ်။"
"""တည့်တည့်သွားပါ"" ဆိုတဲ့ လမ်းညွှန်ချက်ကို ဘယ်လို မေးရမလဲ။","""တည့်တည့်"" ဆိုတဲ့ စကားလုံးကို သုံးပါတယ်။"
"လမ်းညွှန်ချက်မှာ ""ဘယ်"" နဲ့ ""ညာ"" ကို ဘယ်လို ခွဲခေါ်သလဲ။","ဘယ်ဘက်ကို ""ဘယ်ဘက်မှာ"" လို့ ခေါ်ပြီး ညာဘက်ကို ""ညာဘက်မှာ"" လို့ ခေါ်ပါတယ်။"
"ဟိုတယ်ခန်း တစ်ညတာ ဈေးနှုန်းကို ဘယ်လို မေးရမလဲ။","""တစ်ည... ဘယ်လောက်လဲ"" လို့ မေးနိုင်ပါတယ်။"
"သုံးဘီးဆိုင်ကယ် (Tri-shaw) ကို မြန်မာလို ဘယ်လို ခေါ်သလဲ။","""ဆိုက်ကား"" လို့ ခေါ်ပါတယ်။"
"ဘတ်စ်ကားထွက်မယ့်အချိန်ကို ဘယ်လို မေးရမလဲ။","""ဘတ်စ်ကား ဘယ်အချိန်ထွက်မလဲ"" လို့ မေးရပါမယ်။"
"နေမကောင်းဖြစ်နေရင် ဘယ်လို ပြောရမလဲ။","""နေမကောင်းဘူး"" လို့ ပြောနိုင်ပါတယ်။"
"တောင်ကြီးကို သွားဖို့ လက်မှတ်တစ်စောင် တောင်းချင်ရင် ဘယ်လို ပြောမလဲ။","""(တောင်ကြီး) လက်မှတ်တစ်စောင်ပေးပါ"" လို့ ပြောရပါမယ်။"
"ဈေး (Market) ကို မြန်မာလို ဘယ်လို ခေါ်သလဲ။","""ဈေး"" လို့ပဲ ခေါ်ပါတယ်။"
"ယာဉ်မောင်းကို တစ်နေရာမှာ ရပ်ပေးဖို့ ဘယ်လို ပြောရမလဲ။","""ဒီမှာ ရပ်ပါ"" လို့ ပြောနိုင်ပါတယ်။"
"တစ်ယောက်ယောက်ကို ""ထွက်သွား"" လို့ အရေးပေါ် ပြောချင်ရင် ဘာပြောမလဲ။","""သွား!"" လို့ ပြောနိုင်ပါတယ်။"
"""ဟိုတယ် ဘယ်မှာလဲ"" လို့ ဘယ်လို မေးရမလဲ။","""ဟိုတယ် ဘယ်မှာလဲ"" လို့ပဲ မေးရပါမယ်။"
"စာတိုက် (Post Office) ကို မြန်မာလို ဘယ်လို ခေါ်သလဲ။","""စာတိုက်"" လို့ ခေါ်ပါတယ်။"
"တစ်နေရာရာက နာနေရင် လက်ညှိုးထိုးပြီး ဘယ်လို ပြောမလဲ။","""ဒီမှာ နာတယ်"" လို့ ပြောနိုင်ပါတယ်။"
"လေယာဉ်ပျံ (Plane) ကို မြန်မာလို ဘယ်လို ခေါ်သလဲ။","""လေယာဉ်ပျံ"" လို့ ခေါ်ပါတယ်။"
"သူငယ်ချင်းတွေနဲ့ သောက်တဲ့အခါ ""Cheers"" လို့ ဘယ်လို ပြောမလဲ။","""ချီးယား"" လို့ ပြောနိုင်ပါတယ်။"
"""အင်္ဂလိပ်လို ပြောတတ်လား"" လို့ တစ်ဖက်လူကို ဘယ်လို မေးမလဲ။","""အင်္ဂလိပ်လို ပြောတတ်သလား"" လို့ မေးနိုင်ပါတယ်။"
"ယာဉ်မောင်းကို အားလား၊ မအားလား ဘယ်လို မေးမလဲ။","""အားလား"" လို့ မေးနိုင်ပါတယ်။"
